movie_id,title,movie_rating,run_time,meta_score,imdb_rating,director,writer,actor,genre_name,Year,Predictions_BoxOffice,label_boxoffice
1,6669,6,146.0,0.0,8.4,2595,4003,1020,7,1980,1,1
9,5337,4,127.0,0.0,6.8,2313,1956,852,0,1981,1,1
15,1705,6,104.0,0.0,7.1,318,511,1829,5,1980,1,1
16,5073,4,103.0,0.0,7.2,1239,3536,445,7,1980,1,6
18,91,4,109.0,0.0,6.9,511,3241,1082,4,1980,1,1
20,5244,6,111.0,0.0,6.8,2568,547,853,4,1980,1,1
24,7541,4,96.0,0.0,5.3,2378,3515,2015,9,1980,1,1
32,4408,6,92.0,0.0,5.4,2149,4457,1576,11,1980,1,1
38,3759,6,101.0,0.0,6.0,1598,3631,2270,4,1980,1,5
42,937,4,107.0,0.0,7.9,334,2227,698,7,1980,1,0
46,1161,6,99.0,0.0,6.1,2810,4290,390,4,1980,1,1
49,6440,4,94.0,0.0,5.1,506,2868,647,0,1980,1,1
51,5203,4,89.0,0.0,7.3,2922,4498,2792,4,1980,1,1
52,3595,6,95.0,0.0,6.8,1470,445,2067,4,1980,1,1
57,7392,4,121.0,0.0,4.6,1163,1498,2072,0,1980,1,1
58,4050,4,103.0,0.0,5.4,1328,3692,392,4,1980,1,5
59,6448,6,103.0,0.0,5.1,801,2542,451,0,1980,1,1
60,2396,4,97.0,0.0,5.3,1171,2400,549,16,1981,1,0
62,5740,4,123.0,0.0,6.7,1349,2041,2193,7,1980,1,1
66,1960,4,93.0,0.0,6.3,151,255,640,4,1980,1,5
70,2518,4,98.0,0.0,6.0,1833,9,1284,4,1980,1,1
74,4630,4,106.0,0.0,5.2,52,411,1795,4,1980,1,1
81,4275,6,94.0,0.0,4.0,1401,1409,2071,7,1980,1,5
82,7476,6,96.0,0.0,4.8,990,362,2551,7,1980,1,1
86,6938,6,105.0,0.0,6.5,1938,1009,813,4,1980,1,5
89,2244,6,96.0,0.0,6.8,1986,256,875,4,1980,1,1
90,7441,4,105.0,0.0,6.5,1653,1634,2685,4,1980,1,1
94,876,6,113.0,0.0,7.4,1665,2525,2781,5,1981,1,1
96,1839,6,99.0,0.0,7.2,1369,2079,1516,0,1981,1,1
98,4352,6,94.0,0.0,6.2,282,452,513,4,1982,1,1
99,849,6,108.0,0.0,7.4,318,511,1290,5,1981,1,1
104,5281,6,106.0,0.0,6.9,1111,2546,244,4,1981,1,6
105,4358,6,124.0,0.0,7.4,130,216,1009,7,1983,1,1
110,5938,4,107.0,0.0,6.8,39,67,36,4,1981,1,5
111,2136,6,87.0,0.0,6.1,2645,3724,231,11,1981,1,1
114,2385,6,92.0,0.0,6.5,2333,2079,1078,11,1981,1,1
125,1114,4,91.0,0.0,5.8,373,3767,2212,4,1981,1,1
126,1482,6,94.0,0.0,6.6,922,1895,1051,11,1981,1,0
135,6525,6,122.0,0.0,6.6,291,976,1020,5,1981,1,1
136,4473,4,155.0,0.0,7.3,1990,1167,1047,7,1981,1,1
153,3937,6,88.0,0.0,6.2,2810,4290,390,4,1981,1,1
160,4392,6,167.0,0.0,7.5,2567,1859,2685,5,1981,1,5
161,6037,6,104.0,0.0,5.5,2082,2684,1829,7,1981,1,1
171,6431,4,112.0,0.0,6.0,2441,450,1511,7,1981,1,1
172,4442,6,101.0,0.0,6.3,1167,1868,1009,7,1981,1,1
173,2319,6,96.0,0.0,4.9,1066,262,438,11,1981,1,0
176,378,6,96.0,0.0,7.2,2268,3739,1822,2,1981,1,0
180,408,6,106.0,0.0,5.5,2637,1754,451,0,1981,1,0
181,7599,6,103.0,0.0,6.8,1729,2647,534,7,1982,1,1
183,996,6,96.0,0.0,6.5,273,1343,1018,4,1981,1,5
185,3708,6,93.0,0.0,7.0,55,94,44,4,1981,1,1
188,5401,4,100.0,0.0,5.0,1020,361,2233,4,1981,1,1
189,4471,6,94.0,0.0,6.8,1124,4447,2453,7,1981,1,1
192,326,6,87.0,0.0,5.5,1229,4385,852,4,1981,1,1
200,5811,4,96.0,0.0,5.0,2656,2809,726,4,1981,1,1
202,3344,10,100.0,0.0,5.1,768,359,1561,4,1981,1,0
203,1288,6,91.0,0.0,5.1,839,4495,2667,19,1981,1,1
212,412,6,124.0,0.0,7.0,2713,1140,2196,7,1982,1,1
214,447,4,127.0,0.0,6.6,1401,597,28,4,1982,1,5
220,5089,6,150.0,0.0,7.6,44,4488,1820,7,1983,1,1
221,2184,4,191.0,0.0,8.0,2294,2063,215,3,1983,1,5
225,6192,4,109.0,0.0,7.8,1838,3272,2227,4,1983,1,1
226,4654,4,99.0,0.0,6.8,2696,4113,2535,7,1982,1,1
232,1924,6,188.0,0.0,8.1,1101,1676,230,7,1982,1,5
234,2009,4,136.0,0.0,6.0,504,112,463,0,1982,1,1
235,2386,6,98.0,0.0,5.0,2812,4292,2634,11,1982,1,1
237,6811,6,129.0,0.0,7.7,2567,358,2072,7,1982,1,5
243,5598,6,114.0,0.0,6.0,511,2496,325,4,1982,1,5
249,5861,6,125.0,0.0,6.7,2566,1354,194,7,1983,1,1
251,6779,4,102.0,0.0,5.8,2302,1343,2206,4,1982,1,1
252,6094,6,91.0,0.0,6.0,1817,2770,1410,11,1983,1,1
255,1522,6,89.0,0.0,6.0,1955,937,372,0,1982,1,1
258,4254,6,128.0,0.0,6.3,2402,3668,1713,7,1982,1,5
263,6655,6,104.0,0.0,4.9,656,1005,1922,18,1982,1,1
267,6970,4,83.0,0.0,3.6,2792,1849,217,11,1982,1,0
269,5458,4,140.0,0.0,6.5,2150,3298,1256,4,1982,1,5
271,3847,4,92.0,0.0,7.4,2297,3180,2107,4,1982,1,1
283,161,4,88.0,0.0,6.6,2922,4498,2792,4,1982,1,6
290,148,6,95.0,0.0,4.9,340,3606,2617,4,1982,1,1
294,5148,6,110.0,0.0,6.5,2717,3866,1853,7,1982,1,1
295,5707,6,108.0,0.0,6.3,1385,3537,2364,0,1982,1,1
297,7527,6,117.0,0.0,5.7,2298,649,2378,4,1982,1,1
301,2082,6,90.0,0.0,5.6,1157,1371,451,0,1982,1,5
313,2029,4,108.0,0.0,6.1,887,2887,2378,7,1982,1,1
320,7551,4,110.0,0.0,3.9,875,263,1657,4,1982,1,1
323,1987,6,98.0,0.0,6.1,1690,4184,2655,0,1982,1,1
324,3037,3,106.0,0.0,5.8,2917,3632,2149,16,1982,1,1
326,2487,1,94.0,0.0,6.3,2401,2260,1633,2,1982,1,5
327,3381,6,96.0,0.0,5.7,1653,259,96,5,1982,1,0
328,869,6,98.0,0.0,3.8,1448,2187,1292,4,1983,1,0
329,1889,4,80.0,0.0,7.0,2185,2324,716,7,1982,1,0
330,6497,4,90.0,0.0,6.7,2205,3363,249,4,1982,1,0
337,7044,6,116.0,0.0,7.5,1407,4213,687,4,1983,1,6
338,5338,4,125.0,0.0,5.0,2313,1956,445,0,1983,1,5
339,5610,6,105.0,0.0,7.2,1665,2525,2636,4,1983,1,5
344,2035,6,95.0,0.0,6.2,26,4184,1152,7,1983,1,6
351,4401,6,89.0,0.0,5.3,2070,828,2122,4,1983,1,1
352,7233,6,99.0,0.0,6.4,1828,205,1981,4,1983,1,1
354,7270,6,87.0,0.0,7.2,605,930,1073,11,1983,1,1
356,7129,4,101.0,0.0,6.5,716,2130,509,11,1983,1,1
359,1407,6,93.0,0.0,6.1,1690,4003,599,11,1983,1,1
372,7549,4,133.0,0.0,6.6,207,1733,196,7,1984,1,1
376,6359,6,107.0,0.0,7.5,2728,1501,1259,4,1983,1,1
378,2602,6,96.0,0.0,5.0,2205,3023,579,4,1984,1,1
381,4353,6,98.0,0.0,5.0,282,3710,513,4,1983,1,1
383,5460,4,92.0,0.0,7.4,334,1638,2229,7,1983,1,5
385,2310,6,128.0,0.0,6.7,1889,2793,2781,5,1983,1,1
386,3340,4,107.0,0.0,6.3,2637,336,451,0,1983,1,1
392,6336,6,93.0,0.0,6.4,374,1446,2504,4,1983,1,1
398,5283,4,96.0,0.0,4.9,1036,4473,325,0,1983,1,1
406,4642,4,77.0,0.0,6.5,507,3248,651,2,1987,1,1
413,6461,6,103.0,0.0,5.9,2486,3646,2293,0,1983,1,5
415,7587,4,79.0,0.0,7.7,2922,4498,2792,4,1983,1,1
419,1847,6,130.0,0.0,6.0,2049,2786,852,7,1983,1,1
420,6858,6,98.0,0.0,4.7,1955,2560,792,1,1983,1,5
423,4045,6,88.0,0.0,6.1,962,664,2113,11,1983,1,1
425,1423,6,100.0,0.0,5.5,1350,4312,1786,0,1983,1,1
426,736,6,104.0,0.0,5.7,1411,1502,1829,7,1983,1,5
430,5839,4,118.0,0.0,7.6,2222,3733,46,7,1983,1,5
431,6296,6,102.0,0.0,6.6,852,3233,574,18,1983,1,1
434,3961,6,99.0,0.0,5.8,1502,719,490,11,1983,1,5
437,3553,4,98.0,0.0,6.6,1067,3112,1111,4,1983,1,1
439,560,6,105.0,0.0,6.3,1435,167,2275,4,1983,1,1
440,2471,6,130.0,0.0,6.6,1167,3782,1367,7,1983,1,1
442,1451,6,130.0,0.0,6.6,2567,1167,2623,7,1984,1,5
443,2459,4,113.0,0.0,6.7,1475,2394,271,3,1983,1,1
444,3388,6,88.0,0.0,5.9,97,164,1078,7,1984,1,5
448,5624,4,103.0,0.0,6.0,2369,4398,1450,1,1983,1,1
450,2219,6,96.0,0.0,3.7,2908,4475,1750,4,1983,1,6
452,719,4,89.0,0.0,5.8,349,1551,580,4,1983,1,0
458,6328,6,111.0,0.0,3.8,337,3975,2501,0,1983,1,1
462,3497,4,99.0,0.0,6.1,712,1282,1748,7,1983,1,1
471,1389,6,95.0,0.0,5.4,2149,1619,2190,18,1983,1,0
474,5990,4,94.0,0.0,5.3,874,1120,2506,7,1983,1,5
476,6754,6,107.0,0.0,8.0,1151,1755,170,0,1984,1,5
479,6178,4,126.0,0.0,7.3,1386,3647,2153,0,1984,1,6
480,4074,6,229.0,0.0,8.4,2542,1589,2227,5,1984,1,5
483,875,6,114.0,0.0,6.8,318,3630,488,5,1984,1,6
485,354,4,160.0,0.0,8.3,1990,3372,784,3,1984,1,5
486,726,6,105.0,0.0,7.3,1831,867,687,0,1984,1,1
493,5276,4,93.0,0.0,6.7,2873,4399,1858,0,1984,1,5
494,4991,4,93.0,0.0,7.0,1400,2116,1916,4,1984,1,1
498,7018,4,90.0,0.0,7.2,1296,1977,2706,4,1984,1,1
503,838,6,99.0,0.0,7.6,1344,2037,1264,5,1985,1,1
508,2421,6,88.0,0.0,4.9,1799,4040,896,4,1984,1,5
509,276,6,128.0,0.0,5.9,2713,1267,2141,0,1984,1,1
511,5650,4,132.0,0.0,7.0,2428,3594,1806,1,1984,1,6
513,1029,6,88.0,0.0,5.6,749,3227,1270,11,1984,1,1
514,6879,5,87.0,0.0,6.0,939,1877,853,4,1984,1,1
517,5183,4,105.0,0.0,6.7,1682,1423,2785,0,1984,1,5
519,33,4,116.0,0.0,6.8,2196,312,2285,1,1984,1,1
526,1371,6,107.0,0.0,6.4,1584,360,1417,7,1984,1,1
535,6082,6,109.0,0.0,6.0,2826,2118,2218,4,1984,1,5
538,3686,6,101.0,0.0,5.5,1504,315,451,0,1984,1,1
542,1919,5,106.0,0.0,6.5,2845,2909,2227,7,1984,1,1
543,2370,6,87.0,0.0,5.3,1540,2327,2564,0,1985,1,1
546,5739,6,95.0,0.0,6.7,2024,235,2350,7,1985,1,1
551,4958,6,79.0,0.0,5.9,408,3269,1595,11,1984,1,1
552,6519,6,121.0,0.0,6.7,2679,4369,760,0,1984,1,5
555,7398,6,94.0,0.0,4.1,1091,4079,1610,4,1984,1,1
556,4521,6,90.0,0.0,6.3,1158,681,27,4,1984,1,5
557,6967,6,114.0,0.0,6.3,2325,3549,463,5,1984,1,1
558,4597,4,111.0,0.0,3.9,282,3384,2535,4,1984,1,1
561,5372,4,100.0,0.0,5.9,1470,3080,889,7,1984,1,5
562,652,4,105.0,0.0,6.5,2592,4059,2145,7,1984,1,1
566,5428,4,113.0,0.0,5.8,1843,827,1055,0,1984,1,1
569,6827,6,81.0,0.0,4.3,1365,2071,568,1,1984,1,1
573,5442,6,107.0,0.0,6.1,187,4388,1975,4,1984,1,1
581,2859,4,113.0,0.0,5.8,415,3083,2299,4,1984,1,1
584,2732,4,100.0,0.0,6.1,884,674,2623,7,1984,1,5
585,2036,6,93.0,0.0,6.4,2913,1448,1499,0,1984,1,1
593,975,4,84.0,0.0,7.4,2922,4498,2792,4,1984,1,1
594,710,6,94.0,0.0,3.8,2894,3624,670,4,1984,1,1
600,1185,6,106.0,0.0,6.8,52,86,854,4,1984,1,1
607,1338,4,105.0,0.0,6.7,2318,4447,1195,7,1984,1,6
609,4432,6,116.0,0.0,5.8,2566,3559,1454,7,1984,1,1
612,1997,6,96.0,0.0,5.4,2313,638,1853,4,1984,1,1
619,3041,6,187.0,0.0,7.9,2103,2646,1704,4,1986,1,0
628,2467,6,98.0,0.0,5.9,297,472,2095,7,1984,1,1
630,210,1,90.0,0.0,7.6,242,3415,1643,7,1984,1,1
632,7479,6,103.0,0.0,5.8,182,302,1286,7,1986,1,1
633,3403,6,93.0,0.0,5.3,2415,673,897,4,1984,1,0
634,5581,4,110.0,0.0,6.1,2299,2945,843,3,1984,1,1
648,1252,4,94.0,0.0,7.3,1400,2130,699,4,1985,1,1
650,1261,5,117.0,0.0,6.7,962,4245,648,4,1985,1,6
670,2146,6,106.0,0.0,7.1,1333,4262,420,9,1985,1,1
673,3441,5,107.0,0.0,6.3,1838,4160,1806,0,1985,1,1
680,3272,6,101.0,0.0,6.2,2753,776,2506,0,1985,1,1
684,3016,5,100.0,0.0,6.5,96,1054,1342,4,1985,1,1
689,5622,4,80.0,0.0,6.4,583,2595,895,2,1985,1,1
690,2141,6,92.0,0.0,4.8,127,2796,1809,11,1985,1,1
691,4711,6,111.0,0.0,7.2,2676,1095,1303,0,1986,1,5
701,7109,6,112.0,0.0,6.1,2035,1972,1068,0,1985,1,6
702,7282,6,107.0,0.0,5.5,1690,2382,2643,1,1985,1,1
704,4071,5,94.0,0.0,5.5,949,1091,1547,4,1985,1,1
709,7422,5,136.0,0.0,6.7,1877,1772,1894,7,1985,1,1
713,3824,6,97.0,0.0,6.9,210,1571,2308,4,1986,1,1
714,7572,5,109.0,0.0,6.8,1519,313,1971,1,1985,1,1
718,4402,6,130.0,0.0,6.7,944,3517,1020,4,1985,1,1
719,6566,6,91.0,0.0,6.8,1553,792,318,7,1985,1,1
720,5423,3,114.0,0.0,8.0,2904,2343,1455,4,1987,1,1
739,6070,6,112.0,0.0,5.7,1385,3646,1829,0,1985,1,1
742,1564,6,91.0,0.0,7.0,738,1821,954,7,1986,1,1
743,6056,5,90.0,0.0,6.3,389,606,1582,4,1985,1,1
745,6335,4,92.0,0.0,5.7,2591,1343,2643,4,1985,1,6
746,3857,11,101.0,0.0,7.6,1656,3492,159,7,1987,1,5
751,7005,6,91.0,0.0,4.7,1066,387,232,4,1985,1,1
752,2841,6,107.0,0.0,5.5,1504,1754,451,0,1985,1,1
755,5297,6,104.0,0.0,6.6,1715,2631,441,18,1985,1,1
756,3770,5,90.0,0.0,5.7,2019,3098,1281,4,1985,1,1
757,3993,6,91.0,0.0,5.3,1416,2140,1572,11,1986,1,1
760,1267,6,101.0,0.0,6.1,110,2899,451,0,1985,1,1
761,1373,5,83.0,0.0,5.7,2488,1299,1649,4,1986,1,5
764,6688,5,105.0,0.0,4.5,1033,3112,1853,4,1985,1,1
765,541,6,93.0,0.0,4.8,2404,3670,232,0,1985,1,5
770,5515,1,86.0,0.0,7.4,2891,4102,1071,2,1985,1,5
772,5671,5,118.0,0.0,5.3,852,2596,2516,9,1985,1,1
773,3746,5,90.0,0.0,4.5,1978,1533,1807,4,1985,1,1
782,6451,3,112.0,0.0,7.8,1728,335,1999,7,1985,1,5
795,4469,6,98.0,0.0,5.6,58,97,1289,0,1986,1,1
796,7127,6,111.0,0.0,6.5,355,775,852,7,1985,1,5
798,7331,5,115.0,0.0,6.1,710,1087,1829,1,1986,1,1
803,1977,6,96.0,0.0,4.1,2298,3514,2299,7,1985,1,5
807,1699,4,94.0,0.0,6.8,931,1062,479,3,1985,1,1
809,587,5,98.0,0.0,4.6,1054,4060,2501,4,1985,1,1
814,6948,5,106.0,0.0,6.6,515,777,2257,4,1986,1,1
820,1265,4,95.0,0.0,5.9,1484,3730,678,0,1985,1,5
821,1280,6,144.0,0.0,7.5,1108,1696,1494,3,1985,1,1
837,7530,3,130.0,0.0,6.5,1136,3228,785,7,1985,1,0
844,7017,4,110.0,0.0,6.9,2827,1983,2638,0,1986,1,1
846,5176,6,89.0,0.0,8.1,2353,4003,2766,1,1986,1,5
849,3150,4,101.0,0.0,7.4,1302,1057,565,1,1986,1,1
853,4311,6,120.0,0.0,8.1,2082,3193,380,7,1987,1,1
858,3317,5,94.0,0.0,7.0,871,1642,2208,4,1986,1,1
863,5988,5,94.0,0.0,6.0,1940,1054,687,0,1986,1,5
867,6410,6,130.0,0.0,7.7,1232,4340,2378,5,1986,1,5
869,5730,6,119.0,0.0,7.0,1838,4402,2072,7,1986,1,5
875,6383,4,125.0,0.0,7.4,2436,3594,2227,1,1986,1,1
876,7517,11,93.0,0.0,6.6,1707,2594,1651,7,1987,1,1
877,7574,6,110.0,0.0,6.2,2205,3363,2218,7,1986,1,1
888,2850,5,117.0,0.0,5.5,2566,2420,1645,0,1986,1,1
890,2148,6,85.0,0.0,6.7,2676,1561,1139,11,1986,1,1
891,4944,6,112.0,0.0,7.0,66,106,846,3,1986,1,1
892,2504,11,83.0,0.0,7.0,1415,3524,1865,3,1990,1,5
900,5111,4,107.0,0.0,5.7,1052,767,1405,1,1986,1,6
915,4714,6,107.0,0.0,6.5,2196,1401,903,0,1986,1,1
918,1669,6,107.0,0.0,7.7,1303,1989,2656,4,1986,1,1
919,4341,5,91.0,0.0,5.7,321,2777,1220,11,1986,1,1
922,334,4,99.0,0.0,4.6,919,1557,2192,0,1987,1,1
933,3154,5,136.0,0.0,7.1,2832,678,957,3,1986,1,1
938,1907,6,109.0,0.0,6.7,2392,3667,319,0,1986,1,1
939,3082,5,105.0,0.0,3.9,1390,3737,299,0,1986,1,1
944,7074,6,98.0,0.0,5.8,414,3504,1697,4,1986,1,5
949,7099,4,89.0,0.0,7.2,602,4019,567,4,1986,1,1
952,1503,6,91.0,0.0,5.6,2884,1080,1779,7,1986,1,6
969,2014,4,105.0,0.0,5.1,1114,3621,451,0,1986,1,1
972,1239,4,96.0,0.0,6.6,479,2922,1259,4,1986,1,1
977,358,5,102.0,0.0,4.8,57,1301,1910,7,1986,1,1
982,3573,6,96.0,0.0,3.5,958,1828,2311,4,1987,1,1
994,123,4,90.0,0.0,4.7,276,439,2573,0,1986,1,5
1006,2247,5,125.0,0.0,7.3,834,1323,1700,4,1986,1,5
1008,7275,5,88.0,0.0,5.9,1124,3088,2453,7,1986,1,1
1009,4204,3,90.0,0.0,7.2,264,433,1251,7,1986,1,0
1014,2,5,96.0,0.0,7.6,2797,2784,2453,7,1987,1,1
1017,854,6,83.0,0.0,4.4,1963,3752,1345,0,1986,1,5
1022,1450,6,95.0,0.0,5.6,58,3851,1289,0,1986,1,1
1030,4022,1,89.0,0.0,7.2,386,2417,982,8,1986,1,5
1033,4157,6,90.0,0.0,6.0,1059,1610,654,3,1986,1,5
1035,490,6,86.0,0.0,5.0,883,4120,568,0,1986,1,0
1037,1008,6,90.0,0.0,5.3,2149,2168,1308,0,1986,1,1
1038,3902,4,111.0,0.0,5.8,1276,3551,2721,7,1986,1,1
1040,3990,5,107.0,0.0,5.5,822,406,2275,4,1986,1,5
1046,2161,6,116.0,0.0,8.3,2595,3977,1783,7,1987,1,1
1047,4368,6,107.0,0.0,7.8,1416,1997,170,0,1987,1,6
1051,6805,6,119.0,0.0,7.9,318,976,1466,5,1987,1,5
1052,5112,4,96.0,0.0,7.1,1876,2868,1805,1,1987,1,1
1054,3244,6,109.0,0.0,7.6,2302,3909,1806,0,1987,1,1
1055,3906,6,94.0,0.0,7.0,1565,2372,21,0,1988,1,1
1059,2498,6,94.0,0.0,7.0,505,768,114,11,1987,1,1
1060,1798,4,153.0,0.0,7.7,2666,4284,423,0,1987,1,1
1062,6872,6,118.0,0.0,6.6,960,2179,1020,4,1987,1,5
1068,2911,5,89.0,0.0,3.0,1502,3338,1635,1,1987,1,5
1069,7306,6,126.0,0.0,7.4,2082,3980,380,5,1987,1,1
1070,2298,6,121.0,0.0,7.3,210,3051,2249,3,1988,1,1
1074,4154,4,112.0,0.0,6.9,907,2565,889,4,1987,1,1
1087,3138,5,108.0,0.0,6.9,1729,2647,1637,3,1987,1,5
1088,4590,5,88.0,0.0,5.1,1341,4207,2226,4,1987,1,1
1091,7481,5,128.0,0.0,8.0,2916,4493,317,7,1988,1,1
1092,3551,6,140.0,0.0,7.7,1167,1168,1072,7,1987,1,1
1097,6720,6,89.0,0.0,6.8,1501,601,2587,11,1987,1,1
1100,3,4,106.0,0.0,6.7,1865,3009,988,4,1987,1,5
1103,6957,5,88.0,0.0,6.3,580,4080,540,4,1987,1,5
1110,486,6,90.0,0.0,5.8,716,3587,1271,4,1987,1,1
1114,5589,6,112.0,0.0,6.4,532,260,2501,5,1987,1,1
1116,3465,4,93.0,0.0,5.5,97,164,80,9,1987,1,6
1121,3976,6,106.0,0.0,6.1,2221,1090,380,5,1987,1,1
1122,2861,5,107.0,0.0,4.5,780,1216,2753,0,1987,1,1
1128,596,4,95.0,0.0,7.4,2170,1220,1709,4,1988,1,1
1132,3998,4,96.0,0.0,6.5,2910,4479,1769,0,1987,1,1
1141,569,4,92.0,0.0,5.9,1734,1782,816,4,1987,1,1
1142,5065,6,106.0,0.0,6.1,2336,1646,2636,5,1987,1,1
1155,7428,4,90.0,0.0,6.2,1244,2681,1463,1,1987,1,1
1157,713,6,95.0,0.0,6.5,1382,2489,1073,0,1987,1,1
1162,165,4,96.0,0.0,6.9,2111,3947,468,7,1987,1,0
1166,6978,6,112.0,0.0,6.6,210,353,2193,4,1987,1,1
1171,2183,4,78.0,0.0,7.1,2290,3498,886,2,1989,1,1
1174,6093,4,101.0,0.0,6.1,2222,4395,1448,18,1987,1,1
1176,4379,6,105.0,0.0,7.3,2609,2129,846,3,1987,1,1
1181,5004,6,92.0,0.0,5.3,2880,1108,2648,5,1987,1,1
1183,6672,6,115.0,0.0,5.4,1897,2714,441,0,1987,1,5
1185,1367,6,72.0,0.0,4.0,606,906,1605,11,1987,1,0
1186,6470,6,87.0,0.0,5.1,2779,4405,597,11,1987,1,1
1187,3958,6,89.0,0.0,4.3,2368,1456,355,11,1988,1,1
1188,1953,6,104.0,0.0,5.4,2789,434,2765,0,1987,1,1
1189,4949,6,97.0,0.0,5.6,1845,3237,722,7,1987,1,5
1194,2605,5,93.0,0.0,5.8,2659,4065,1260,4,1987,1,1
1196,5794,4,83.0,0.0,7.3,1401,1780,130,7,1987,1,1
1201,1391,6,90.0,0.0,5.7,182,302,1749,4,1987,1,1
1205,4583,6,95.0,0.0,4.3,256,421,1631,4,1987,1,1
1206,5261,6,86.0,0.0,5.7,66,106,2534,0,1987,1,1
1208,4411,6,102.0,0.0,5.7,1917,2938,1102,7,1988,1,1
1210,3982,6,92.0,0.0,5.1,516,2704,1622,1,1989,1,0
1212,1179,6,90.0,0.0,6.2,11,3132,1067,5,1987,1,1
1214,6714,5,101.0,0.0,4.7,2434,872,1848,0,1987,1,1
1223,2779,5,98.0,0.0,6.2,2226,3636,2050,4,1987,1,6
1226,5167,5,112.0,0.0,5.9,570,76,1111,7,1988,1,1
1229,1617,4,86.0,0.0,5.0,1944,2738,550,4,1987,1,1
1234,6189,6,91.0,0.0,5.6,2602,3988,2252,11,1987,1,1
1236,4722,4,99.0,0.0,5.6,2333,3925,2763,7,1987,1,1
1238,2154,4,111.0,0.0,6.2,282,452,1345,4,1987,1,6
1241,3655,4,95.0,0.0,5.1,2304,4207,685,4,1987,1,6
1257,291,6,124.0,0.0,8.0,1566,2376,1911,2,1988,1,1
1259,3696,6,128.0,0.0,7.8,49,685,852,5,1989,1,1
1268,7516,6,113.0,0.0,6.8,1986,2440,1808,4,1988,1,1
1276,1743,4,100.0,0.0,5.4,1535,2317,849,4,1989,1,1
1278,1496,6,116.0,0.0,7.3,605,930,1172,7,1988,1,5
1292,1794,5,96.0,0.0,6.6,1181,3807,349,4,1988,1,5
1296,5796,6,91.0,0.0,6.3,356,1590,463,0,1988,1,1
1302,2493,6,97.0,0.0,6.5,2825,3334,658,11,1988,1,1
1310,4582,6,89.0,0.0,5.8,1587,2408,1056,4,1988,1,6
1312,1775,4,119.0,0.0,7.2,1435,1223,1260,7,1989,1,5
1313,5175,4,103.0,0.0,7.3,2273,3461,696,3,1988,1,1
1317,4335,4,90.0,0.0,4.6,48,3098,322,4,1988,1,1
1330,2953,6,91.0,0.0,4.6,354,4051,155,4,1988,1,1
1332,4921,4,110.0,0.0,5.7,1590,3799,804,4,1988,1,1
1335,6529,6,97.0,0.0,6.0,2196,2493,2378,0,1988,1,1
1336,744,4,97.0,0.0,6.4,1296,1124,234,4,1988,1,1
1337,3722,6,113.0,0.0,6.2,947,2989,1095,7,1988,1,5
1338,6661,6,97.0,0.0,5.9,377,1238,604,7,1988,1,1
1343,251,6,96.0,0.0,5.4,528,3657,336,0,1988,1,1
1345,4917,6,110.0,0.0,6.8,2432,1593,2443,0,1988,1,1
1350,717,6,127.0,0.0,6.3,520,2023,598,5,1988,1,1
1354,2071,5,90.0,0.0,5.9,1386,4201,1916,4,1988,1,1
1360,4753,5,92.0,0.0,4.9,1319,652,1384,4,1988,1,5
1362,6376,6,117.0,0.0,6.9,2395,2146,2286,4,1988,1,1
1368,2890,6,97.0,0.0,5.9,2449,3756,1068,5,1988,1,0
1376,421,6,100.0,0.0,4.3,2433,3440,2169,4,1988,1,5
1378,3315,4,98.0,0.0,6.0,2297,2112,2443,7,1988,1,1
1387,7329,6,91.0,0.0,5.4,1454,1035,483,0,1988,1,6
1388,4648,4,99.0,0.0,6.6,570,162,324,7,1988,1,1
1389,6801,6,102.0,0.0,5.0,370,3400,213,11,1988,1,5
1390,4003,6,81.0,0.0,4.9,1311,3439,2681,4,1988,1,0
1391,169,5,104.0,0.0,5.8,39,67,36,4,1988,1,5
1392,27,6,95.0,0.0,5.8,812,1291,2228,7,1988,1,5
1396,1182,5,105.0,0.0,7.3,490,748,1006,7,1989,1,1
1400,455,4,81.0,0.0,7.3,2922,4498,851,7,1988,1,1
1402,5320,6,102.0,0.0,5.7,276,3691,316,5,1988,1,1
1410,1392,4,97.0,0.0,6.9,1320,4101,94,4,1988,1,1
1414,4874,6,97.0,0.0,6.0,1162,1771,2113,0,1988,1,1
1417,1866,6,127.0,0.0,6.2,2713,1356,1195,7,1988,1,1
1419,5712,6,100.0,0.0,6.7,1572,3602,1266,7,1988,1,1
1422,4207,6,91.0,0.0,4.9,2914,3513,2199,18,1988,1,0
1423,6198,6,101.0,0.0,5.4,2167,4277,1226,7,1988,1,1
1424,5127,6,99.0,0.0,5.8,1199,4320,2616,7,1988,1,5
1427,1375,6,117.0,0.0,5.7,1832,2753,846,5,1989,1,6
1429,4312,6,97.0,0.0,5.4,4,193,2674,7,1988,1,1
1431,4252,5,91.0,0.0,6.4,1786,1833,39,7,1988,1,1
1436,1832,4,95.0,0.0,5.6,1431,1181,1213,4,1988,1,1
1437,1968,5,82.0,0.0,5.4,566,2546,2169,4,1988,1,1
1438,3738,5,103.0,0.0,6.0,2150,644,2193,4,1988,1,1
1440,4046,6,102.0,0.0,6.2,471,719,2778,0,1988,1,5
1442,470,6,124.0,0.0,7.0,1834,2795,937,7,1989,1,1
1443,5997,6,103.0,0.0,5.7,1682,2896,626,7,1988,1,1
1446,627,5,126.0,0.0,7.5,2753,462,1848,0,1989,1,1
1447,765,4,90.0,0.0,7.0,2613,691,1432,1,1989,1,1
1450,6268,1,83.0,0.0,7.6,2439,2145,1230,2,1989,1,1
1453,1628,6,120.0,0.0,8.0,2587,3968,539,4,1989,1,1
1455,7121,4,97.0,0.0,6.2,2432,1063,2643,4,1989,1,5
1460,3467,6,107.0,0.0,7.2,655,1001,2636,4,1989,1,1
1463,7161,4,100.0,0.0,7.0,1400,2116,1255,4,1989,1,5
1468,4198,5,124.0,0.0,7.0,2440,2630,2504,4,1989,1,1
1469,3245,6,114.0,0.0,7.2,2302,1909,1806,0,1989,1,1
1482,3854,6,103.0,0.0,7.9,1307,3911,524,3,1990,1,1
1484,7454,6,105.0,0.0,4.6,2947,3240,1883,7,1990,1,1
1494,3250,6,98.0,0.0,5.8,962,1022,2113,1,1989,1,1
1497,3050,6,97.0,0.0,6.5,1794,2734,1128,0,1989,1,1
1500,1712,4,99.0,0.0,7.4,334,131,1923,7,1990,1,1
1504,2383,6,96.0,0.0,5.1,724,2079,653,11,1989,1,1
1505,1538,6,99.0,0.0,5.4,2536,2573,898,0,1989,1,5
1515,4774,6,106.0,0.0,6.5,1894,2991,1271,7,1989,1,6
1516,5881,6,114.0,0.0,6.9,2642,4042,1133,4,1989,1,1
1518,3936,6,108.0,0.0,5.8,1403,2944,2055,0,1989,1,1
1519,5926,6,105.0,0.0,5.1,453,3009,761,7,1989,1,1
1524,2257,5,105.0,0.0,6.3,994,2992,427,0,1989,1,1
1526,1293,6,107.0,0.0,5.6,2239,4423,447,3,1989,1,1
1528,1370,5,104.0,0.0,7.9,2922,4498,1745,4,1989,1,1
1529,410,6,113.0,0.0,6.5,2222,2488,2654,0,1989,1,1
1530,3238,5,90.0,0.0,6.8,1340,1855,2193,4,1989,1,1
1531,3405,5,98.0,0.0,6.1,1320,3685,2050,4,1989,1,1
1532,3062,6,94.0,0.0,6.3,1375,2088,2706,0,1989,1,1
1550,1951,5,127.0,0.0,6.5,2436,550,2072,3,1989,1,1
1552,2506,4,94.0,0.0,5.8,334,660,2654,4,1989,1,1
1553,5631,6,90.0,0.0,6.5,667,1022,2293,0,1990,1,6
1556,4640,4,85.0,0.0,5.4,2676,4085,844,0,1990,1,1
1560,1156,6,98.0,0.0,6.3,1965,1759,846,3,1990,1,1
1561,5231,6,93.0,0.0,5.7,1246,601,2587,11,1989,1,1
1562,1759,5,104.0,0.0,6.2,1228,3208,1858,7,1989,1,5
1567,5126,4,94.0,0.0,4.5,1297,2983,2094,0,1989,1,1
1571,3345,6,96.0,0.0,7.6,2075,793,2479,7,1990,1,1
1574,5431,5,111.0,0.0,6.5,2039,3139,903,4,1989,1,6
1575,118,6,106.0,0.0,7.0,820,220,654,7,1989,1,1
1576,6500,6,93.0,0.0,5.5,764,1415,2230,7,1989,1,1
1578,7079,6,120.0,0.0,6.8,2391,3930,2778,3,1989,1,1
1579,6798,6,90.0,0.0,7.3,1035,1565,24,4,1990,1,0
1580,7091,6,108.0,0.0,6.7,1501,4421,1073,5,1989,1,6
1582,6751,6,92.0,0.0,6.2,1879,3519,1136,4,1990,1,5
1583,6777,6,102.0,0.0,5.1,1916,2597,2263,0,1989,1,5
1586,2350,5,109.0,0.0,6.1,2737,2772,1783,7,1989,1,1
1592,3678,4,102.0,0.0,6.0,2745,406,969,4,1990,1,1
1599,1618,6,98.0,0.0,6.3,1304,1990,977,0,1989,1,5
1604,6755,6,88.0,0.0,4.8,2736,4191,115,11,1989,1,6
1611,1810,6,119.0,0.0,6.6,2150,1687,2266,4,1989,1,5
1613,4278,6,99.0,0.0,5.1,1900,4049,325,5,1989,1,1
1618,3750,6,92.0,0.0,4.5,118,82,2811,5,1990,1,0
1624,7012,6,91.0,0.0,6.8,240,403,915,4,1990,1,1
1626,4694,6,100.0,0.0,4.8,616,3110,390,4,1989,1,1
1633,3529,5,89.0,0.0,3.1,646,1381,2157,4,1990,1,1
1634,3943,6,95.0,0.0,4.9,2206,3963,2285,5,1989,1,1
1635,4674,5,102.0,0.0,7.2,1377,2164,2161,3,1989,1,1
1636,86,6,95.0,0.0,6.9,2126,3258,1310,7,1989,1,0
1641,6256,5,93.0,0.0,5.0,1519,1945,626,4,1990,1,1
1650,1443,5,181.0,0.0,8.0,1599,2894,1466,1,1990,1,1
1652,1597,6,124.0,0.0,7.1,2289,4054,316,0,1990,1,1
1661,6039,6,108.0,0.0,6.0,2866,2699,1949,7,1990,1,1
1667,572,4,118.0,0.0,7.4,2407,3672,1843,1,1990,1,1
1668,1464,6,96.0,0.0,6.4,2488,3811,1585,0,1990,1,1
1670,1404,5,85.0,0.0,6.5,1445,2184,1293,4,1990,1,5
1674,3086,6,103.0,0.0,7.0,11,3132,447,5,1991,1,1
1680,3356,6,90.0,0.0,6.4,1051,4455,192,1,1990,1,1
1683,1172,6,84.0,0.0,5.9,1406,1109,58,11,1990,1,1
1687,1478,3,94.0,0.0,7.5,1557,1915,1573,5,1990,1,1
1688,5870,6,110.0,0.0,6.4,2909,4478,858,7,1990,1,1
1689,4451,5,119.0,0.0,6.9,2580,2112,2654,0,1990,1,1
1690,3956,6,102.0,0.0,6.5,505,768,486,0,1990,1,6
1695,4403,4,81.0,0.0,5.4,688,3846,1854,4,1990,1,5
1712,2107,6,85.0,0.0,6.2,867,3648,1059,4,1990,1,1
1717,3520,6,93.0,0.0,6.0,764,2929,2511,0,1990,1,5
1719,1702,4,119.0,0.0,7.8,33,59,32,7,1990,1,1
1720,283,6,113.0,0.0,5.8,2432,737,1806,0,1990,1,1
1721,2698,6,97.0,0.0,6.4,1665,2125,1470,4,1990,1,1
1724,7425,6,103.0,0.0,6.5,1726,1491,2527,7,1990,1,1
1736,5733,6,107.0,0.0,6.3,2157,1669,447,7,1991,1,1
1738,7358,5,95.0,0.0,5.9,1296,2352,2789,4,1990,1,1
1739,584,6,99.0,0.0,6.3,532,964,2218,7,1990,1,1
1744,2334,5,107.0,0.0,6.2,2220,3380,915,4,1991,1,1
1746,1850,6,112.0,0.0,7.6,29,56,2460,7,1990,1,5
1747,1420,4,137.0,0.0,7.5,1236,1193,915,4,1990,1,5
1748,340,4,95.0,0.0,5.6,1371,3292,2064,4,1990,1,5
1749,1865,6,97.0,0.0,5.1,1559,314,598,7,1990,1,1
1750,7102,4,106.0,0.0,7.2,161,279,1370,4,1991,1,1
1755,2928,1,82.0,0.0,5.6,1497,1060,866,2,1990,1,1
1758,3893,6,97.0,0.0,6.6,2196,3357,852,0,1990,1,1
1759,1039,6,97.0,0.0,5.7,2428,2394,2249,4,1990,1,1
1764,2003,5,85.0,0.0,4.8,948,3984,1981,0,1990,1,1
1772,1566,6,105.0,0.0,5.4,2933,2267,1883,0,1990,1,1
1775,925,6,85.0,0.0,6.0,2114,631,248,11,1990,1,1
1777,1831,4,81.0,0.0,5.4,2799,658,1213,4,1990,1,1
1782,7138,6,120.0,0.0,6.1,1167,1189,23,11,1991,1,1
1785,1358,6,90.0,0.0,6.0,1196,3051,670,4,1990,1,1
1792,5177,5,104.0,0.0,6.4,861,3231,1082,7,1990,1,5
1799,1867,5,118.0,0.0,7.7,2125,2813,1700,7,1991,1,1
1800,5113,4,100.0,0.0,5.3,1921,3257,660,1,1990,1,1
1801,3582,6,90.0,0.0,5.5,39,2950,677,4,1991,1,1
1803,1540,6,95.0,0.0,4.7,1153,1751,1044,11,1990,1,1
1807,5275,6,85.0,0.0,5.7,1380,229,428,0,1990,1,1
1810,3353,6,94.0,0.0,4.9,2957,3516,852,0,1990,1,5
1812,6989,4,102.0,0.0,7.2,1362,634,543,7,1990,1,1
1820,1286,6,138.0,0.0,6.7,698,84,614,7,1991,1,6
1824,3560,6,107.0,0.0,7.3,1411,2615,1905,4,1990,1,1
1828,2165,5,101.0,0.0,4.9,2251,459,853,4,1990,1,5
1834,6052,6,82.0,0.0,4.4,1385,1189,1982,11,1990,1,1
1839,2478,5,125.0,0.0,7.0,631,1592,2547,0,1991,1,0
1851,5505,5,99.0,0.0,6.9,2336,629,130,4,1991,1,1
1852,6902,6,130.0,0.0,7.5,78,574,2527,1,1991,1,1
1855,5834,6,140.0,0.0,7.2,926,3464,2706,3,1991,1,1
1859,6611,4,108.0,0.0,6.5,1084,907,253,0,1991,1,1
1860,3851,4,102.0,0.0,6.9,2440,2516,132,4,1991,1,5
1864,1207,5,113.0,0.0,6.8,2613,2630,255,4,1991,1,1
1870,4587,5,102.0,0.0,5.2,2827,1612,300,1,1991,1,1
1878,620,6,116.0,0.0,7.7,550,2037,1291,4,1991,1,5
1879,4005,5,94.0,0.0,5.1,871,3335,392,4,1991,1,5
1882,5453,4,88.0,0.0,6.0,671,2426,2034,0,1991,1,5
1884,1662,6,110.0,0.0,5.6,49,3925,1128,0,1991,1,1
1887,5836,6,98.0,0.0,7.8,1785,2467,1005,7,1991,1,1
1889,7034,6,111.0,0.0,6.6,2884,4476,2375,0,1991,1,1
1890,6489,6,102.0,0.0,6.4,1986,4420,286,4,1991,1,1
1891,4545,5,108.0,0.0,6.7,210,1716,933,7,1991,1,1
1892,1002,6,136.0,0.0,6.8,1894,1800,2753,3,1991,1,1
1896,1173,6,90.0,0.0,5.1,2258,1109,1383,11,1991,1,1
1900,2543,6,91.0,0.0,4.2,528,1531,441,0,1991,1,1
1902,7452,1,88.0,0.0,7.2,1806,2833,834,7,1991,1,5
1903,4931,6,79.0,0.0,6.1,2587,3997,639,0,1991,1,1
1906,4002,5,116.0,0.0,6.4,55,408,2309,7,1991,1,1
1908,2047,5,115.0,0.0,5.8,327,3992,543,0,1991,1,1
1913,4716,6,120.0,0.0,6.8,1589,2451,1109,0,1992,1,5
1914,1483,6,107.0,0.0,6.9,1382,3852,1457,5,1991,1,1
1918,402,1,75.0,0.0,6.5,2231,1329,1069,2,1991,1,1
1926,6574,6,100.0,0.0,6.3,1950,2992,1901,7,1991,1,1
1933,7415,4,107.0,0.0,6.7,2276,1731,770,1,1991,1,1
1936,1737,5,107.0,0.0,6.5,2186,2116,680,4,1991,1,1
1937,4889,6,98.0,0.0,6.5,2919,3538,2636,5,1991,1,1
1939,5295,4,90.0,0.0,4.5,358,1347,987,0,1991,1,5
1940,4349,6,91.0,0.0,5.8,1802,3057,1201,4,1991,1,1
1943,2740,5,88.0,0.0,5.8,2899,1375,2197,0,1991,1,5
1947,7436,2,85.0,0.0,5.6,1584,958,2596,7,1991,1,1
1961,3030,5,98.0,0.0,6.9,2665,2545,1172,7,1991,1,1
1962,2960,6,97.0,0.0,5.8,2783,4254,279,4,1992,1,6
1966,3698,6,118.0,0.0,6.7,1993,3962,615,7,1992,1,5
1973,2624,6,94.0,0.0,5.3,956,3490,446,4,1991,1,1
1975,6495,6,83.0,0.0,6.0,1794,923,1137,0,1991,1,1
1985,1908,5,108.0,0.0,5.9,2305,3667,319,0,1991,1,1
1987,3751,6,103.0,0.0,5.7,52,4481,604,14,1991,1,1
1992,1854,6,99.0,0.0,4.9,759,1153,903,0,1991,1,5
1993,189,6,115.0,0.0,5.9,252,670,807,4,1991,1,1
1999,518,6,189.0,0.0,6.8,1056,3364,2636,7,1991,1,1
2000,7092,6,111.0,0.0,6.3,1067,2440,1260,7,1991,1,1
2013,5278,5,83.0,0.0,5.5,1602,3216,2658,4,1991,1,5
2024,3447,5,143.0,0.0,6.6,498,1543,1011,7,1991,1,1
2040,5233,4,106.0,0.0,6.4,1689,3526,1617,4,1991,1,1
2043,1543,6,104.0,0.0,5.6,1832,1759,194,14,1991,1,5
2045,622,6,127.0,0.0,7.0,2160,2023,1835,7,1992,1,1
2047,3839,6,120.0,0.0,7.6,1479,813,1239,4,1992,1,5
2052,144,4,128.0,0.0,7.3,2169,2450,2643,4,1992,1,1
2054,4786,6,156.0,0.0,8.0,1831,1483,35,7,1993,1,1
2057,293,1,90.0,0.0,8.0,2439,3718,2373,2,1992,1,5
2059,304,6,114.0,0.0,6.5,611,837,2446,0,1992,1,1
2080,2566,4,120.0,0.0,6.8,434,2116,1675,1,1992,1,1
2086,4326,6,93.0,0.0,5.4,1567,2873,667,7,1992,1,1
2103,2982,6,95.0,0.0,7.1,811,1289,2020,0,1992,1,1
2107,52,4,84.0,0.0,5.3,1460,2415,2722,0,1992,1,1
2111,1072,5,100.0,0.0,5.8,2737,2093,1516,1,1992,1,1
2112,5777,4,101.0,0.0,6.9,2152,4302,498,4,1992,1,1
2118,5277,4,94.0,0.0,7.2,217,370,2070,4,1993,1,1
2119,4480,6,92.0,0.0,6.1,318,511,1275,5,1992,1,1
2122,5149,6,90.0,0.0,6.2,2824,1408,2293,0,1992,1,5
2131,4947,4,101.0,0.0,5.1,4,2610,451,0,1993,1,1
2134,6962,6,119.0,0.0,6.8,1889,2099,2706,5,1992,1,1
2135,5251,5,87.0,0.0,4.3,2432,442,2535,0,1992,1,5
2136,2813,6,112.0,0.0,6.2,1407,3000,142,0,1992,1,1
2139,1990,6,124.0,0.0,5.9,2227,3591,2196,7,1992,1,1
2142,1309,6,99.0,0.0,5.7,44,2836,1470,5,1992,1,1
2143,2092,6,95.0,0.0,5.9,2676,4334,441,0,1993,1,5
2148,1028,5,72.0,0.0,5.8,343,3680,787,2,1992,1,5
2150,4265,6,101.0,0.0,7.0,1589,3566,985,4,1992,1,1
2151,2125,6,110.0,0.0,5.4,944,3663,733,0,1992,1,1
2155,1219,5,98.0,0.0,6.1,2277,2990,446,4,1992,1,1
2156,1599,6,98.0,0.0,7.0,1940,2557,1073,7,1992,1,1
2157,2802,5,160.0,0.0,7.1,2473,1283,352,7,1992,1,5
2162,2675,6,108.0,0.0,7.5,2922,4498,2792,4,1992,1,1
2166,7474,5,126.0,0.0,6.4,386,1887,1783,0,1992,1,5
2182,3273,6,103.0,0.0,6.8,2157,3305,2778,5,1992,1,1
2189,7400,6,105.0,0.0,6.6,1762,2937,620,5,1992,1,1
2191,5485,5,89.0,0.0,6.6,524,137,327,7,1993,1,1
2193,365,6,113.0,0.0,6.7,1830,3373,1133,5,1993,1,1
2203,2835,4,97.0,0.0,7.0,1985,1994,831,1,1993,1,1
2204,6514,5,117.0,0.0,6.3,978,3911,46,7,1992,1,1
2207,4439,3,106.0,0.0,7.6,1992,3043,371,5,1994,1,1
2208,3385,5,105.0,0.0,6.6,1475,1115,1877,7,1993,1,1
2209,3793,6,119.0,0.0,5.9,268,437,255,4,1992,1,1
2210,7130,5,104.0,0.0,6.5,2338,366,1025,0,1999,1,5
2215,2064,5,107.0,0.0,5.7,2717,3634,2654,4,1992,1,5
2217,3947,6,105.0,0.0,5.8,1104,1466,2227,4,1992,1,5
2225,4144,4,93.0,0.0,5.3,859,858,1777,4,1992,1,1
2232,6836,6,106.0,0.0,6.8,2020,3099,761,7,1992,1,1
2234,6927,5,105.0,0.0,6.1,2072,2866,1368,7,1992,1,1
2241,4076,6,109.0,0.0,6.8,1044,4216,1199,0,1993,1,0
2247,1480,6,102.0,0.0,7.6,2314,3532,1106,4,1993,1,5
2251,4634,5,104.0,0.0,6.7,1876,1711,345,1,1993,1,1
2252,100,6,121.0,0.0,7.8,2370,665,2227,5,1993,1,1
2253,7383,5,118.0,0.0,7.7,1656,3354,1293,7,1994,1,1
2255,1081,6,144.0,0.0,7.9,318,1211,35,5,1993,1,5
2259,1559,4,94.0,0.0,5.6,2039,1572,2750,4,1993,1,1
2271,6433,4,76.0,0.0,8.0,1064,4198,542,2,1993,1,6
2275,314,6,120.0,0.0,7.1,869,3422,770,3,1993,1,1
2278,2777,6,128.0,0.0,7.2,2919,1894,463,0,1993,1,1
2286,4638,5,104.0,0.0,4.1,881,1204,2235,0,1993,1,1
2289,2006,5,109.0,0.0,6.5,2387,4324,498,3,1993,1,1
2290,1320,4,98.0,0.0,7.0,1460,2656,1255,1,1993,1,1
2292,3035,6,117.0,0.0,6.7,723,4004,279,5,1993,1,1
2294,5023,6,107.0,0.0,5.0,2241,1677,2422,7,1993,1,1
2298,2608,5,86.0,0.0,6.6,1296,1977,380,0,1993,1,1
2299,3801,5,111.0,0.0,7.3,1589,4486,1457,4,1993,1,1
2301,3325,5,84.0,0.0,6.2,935,1106,733,0,1993,1,1
2302,6924,6,115.0,0.0,7.3,1894,4225,2227,3,1993,1,1
2309,4922,6,188.0,0.0,7.7,2359,3483,103,4,1993,1,5
2310,5076,5,95.0,0.0,5.8,2648,3247,2080,4,1993,1,1
2315,3550,4,99.0,0.0,6.9,1333,1949,1267,4,1993,1,6
2316,5999,6,87.0,0.0,6.4,1501,1669,1675,7,1993,1,5
2319,3074,6,96.0,0.0,6.5,2425,3704,761,5,1994,1,1
2326,4620,6,129.0,0.0,6.3,2236,2908,2378,0,1993,1,1
2329,881,6,87.0,0.0,6.0,11,1728,834,11,1994,1,1
2330,5172,3,134.0,0.0,7.5,1503,2344,645,7,1993,1,1
2331,286,4,91.0,0.0,6.3,2343,413,2409,1,1993,1,1
2332,6763,5,116.0,0.0,6.4,2179,596,2214,4,1993,1,1
2338,4322,6,109.0,0.0,6.1,1438,2170,1087,7,1993,1,1
2340,5705,3,101.0,0.0,7.1,108,189,385,7,1994,1,1
2344,5371,5,112.0,0.0,6.8,2739,2237,2240,7,1993,1,5
2345,2460,5,104.0,0.0,7.0,2443,1526,2228,4,1993,1,1
2346,3911,6,120.0,0.0,6.3,880,4003,1790,5,1993,1,1
2365,7355,4,97.0,0.0,4.8,2384,3634,111,1,1993,1,1
2366,3236,6,107.0,0.0,7.1,1235,708,425,4,1996,1,5
2374,3623,6,92.0,0.0,6.5,92,151,123,5,1994,1,1
2377,1954,5,91.0,0.0,5.8,374,988,168,4,1993,1,5
2380,2474,6,140.0,0.0,6.8,2082,2529,963,0,1994,1,5
2383,4357,6,111.0,0.0,5.5,1785,4110,1716,19,1993,1,1
2386,1856,6,106.0,0.0,4.4,1021,4276,2704,4,1994,1,1
2404,120,4,108.0,0.0,6.6,1970,2627,2176,1,1993,1,1
2417,1325,4,97.0,0.0,4.1,1065,303,325,4,1993,1,1
2419,1084,11,100.0,0.0,7.3,2014,3087,1935,3,1994,1,1
2428,739,6,101.0,0.0,6.4,1019,1540,1484,4,1994,1,5
2429,4961,5,102.0,0.0,5.3,2489,3812,38,7,1995,1,5
2432,906,4,100.0,0.0,5.2,1726,1395,1808,4,1993,1,1
2434,6443,1,92.0,0.0,5.9,791,4094,547,8,1993,1,1
2435,4273,5,97.0,0.0,4.5,2606,4391,278,0,1994,1,1
2436,851,3,79.0,0.0,7.3,698,1071,617,3,1993,1,0
2437,1963,6,88.0,0.0,7.2,2464,3779,1534,4,1994,1,1
2443,6430,6,99.0,0.0,6.0,2876,4406,1777,4,1993,1,1
2446,2090,5,142.0,0.0,8.8,2407,4494,2643,7,1994,1,5
2448,7096,6,141.0,0.0,7.2,1151,760,170,0,1994,1,1
2449,6265,1,88.0,0.0,8.5,2424,1679,1777,2,1994,1,1
2454,1727,5,107.0,0.0,7.3,2187,3350,1207,4,1994,1,1
2462,3320,4,115.0,0.0,7.3,977,2622,2527,7,1994,1,5
2463,5271,5,102.0,0.0,4.0,2654,4054,1128,0,1994,1,6
2472,6227,6,110.0,0.0,7.1,1375,4025,1600,5,1994,1,5
2476,5189,4,118.0,0.0,6.6,603,1423,2054,0,1994,1,1
2477,1614,6,128.0,0.0,6.1,210,2908,1835,7,1994,1,1
2478,434,4,102.0,0.0,6.2,2899,1128,543,4,1994,1,5
2484,4980,6,98.0,0.0,5.9,1377,2092,983,4,1994,1,5
2489,6605,5,111.0,0.0,6.4,532,1051,1820,1,1994,1,6
2493,850,6,121.0,0.0,6.2,2615,2160,1133,0,1994,1,1
2495,3996,4,87.0,0.0,4.5,2353,92,707,1,1994,1,5
2496,3816,6,106.0,0.0,7.2,2094,3209,2664,4,1995,1,1
2501,4079,6,102.0,0.0,7.9,1674,3569,2179,5,1995,1,1
2504,1885,6,113.0,0.0,4.3,907,265,516,4,1994,1,5
2509,6704,6,110.0,0.0,5.6,1725,2169,2535,0,1994,1,1
2512,4844,6,95.0,0.0,6.8,1445,2184,1417,4,1994,1,5
2515,7393,6,126.0,0.0,6.6,1726,3730,1796,7,1994,1,5
2518,5351,6,96.0,0.0,6.2,811,1258,2293,0,1994,1,5
2519,3844,4,90.0,0.0,5.5,2645,1554,915,4,1994,1,1
2523,1150,6,102.0,0.0,5.1,691,2018,2636,0,1994,1,1
2526,7021,3,102.0,0.0,7.1,498,755,749,5,1994,1,1
2529,1230,4,90.0,0.0,5.5,2140,4480,1749,4,1994,1,5
2530,6958,1,86.0,0.0,6.4,725,1577,1230,2,1994,1,1
2542,2332,5,113.0,0.0,6.3,1479,2630,1843,4,1994,1,1
2545,3297,4,119.0,0.0,6.1,123,1527,1667,4,1994,1,1
2547,4513,6,133.0,0.0,5.2,2359,3587,2465,4,1994,1,1
2548,1007,6,98.0,0.0,7.4,2922,4498,1260,4,1995,1,1
2551,5116,11,100.0,0.0,6.3,645,989,1171,4,1994,1,1
2553,2827,6,98.0,0.0,5.4,1818,995,2196,7,1994,1,1
2554,4983,6,86.0,0.0,6.6,2009,4415,1369,7,1995,1,1
2555,3667,4,114.0,0.0,6.5,1684,4345,2189,8,1994,1,1
2563,2908,6,119.0,0.0,6.6,747,473,79,5,1994,1,1
2566,853,5,108.0,0.0,6.2,2901,3729,1975,7,1994,1,1
2572,1120,6,105.0,0.0,7.1,1962,4222,2288,4,1996,1,1
2574,503,6,100.0,0.0,7.1,1557,2614,305,0,1994,1,1
2575,927,6,96.0,0.0,6.1,1382,529,695,4,1994,1,1
2581,6956,1,103.0,0.0,7.8,7,16,1913,7,1995,1,0
2601,6552,6,109.0,0.0,5.9,2678,3584,654,11,1994,1,6
2603,573,6,100.0,0.0,6.7,1093,1664,2483,3,1994,1,1
2604,3234,6,85.0,0.0,4.6,2418,2752,2755,4,1994,1,1
2606,3701,5,97.0,0.0,5.4,2072,3175,2504,4,1994,1,5
2608,2625,6,100.0,0.0,4.7,803,3490,446,4,1994,1,1
2610,5008,6,86.0,0.0,5.7,2445,1151,486,4,1994,1,1
2611,4393,4,97.0,0.0,6.0,1890,2887,2122,4,1994,1,1
2612,152,6,108.0,0.0,6.0,1571,2379,1435,0,1994,1,1
2617,218,1,76.0,0.0,5.4,725,4079,640,2,1994,1,5
2624,3798,6,125.0,0.0,6.4,52,86,1156,3,1994,1,1
2635,2562,5,93.0,0.0,5.1,1682,1024,2047,4,1994,1,5
2637,5166,4,102.0,0.0,6.0,2927,891,14,1,1994,1,1
2641,4495,6,107.0,0.0,6.4,1609,2433,1113,0,1994,1,1
2647,932,6,178.0,0.0,8.3,1878,3465,1806,3,1995,1,1
2650,2989,4,104.0,0.0,7.0,1335,2230,2249,1,1995,1,1
2652,1308,5,109.0,0.0,5.2,869,2908,1541,0,1995,1,1
2656,1565,6,104.0,0.0,7.2,2397,3661,161,0,1995,1,1
2660,12,6,129.0,0.0,8.0,2726,690,316,14,1996,1,1
2661,3219,6,111.0,0.0,7.5,1975,2148,1981,7,1996,1,1
2662,4932,2,128.0,0.0,4.9,2160,2023,713,7,1995,1,1
2672,5120,6,108.0,0.0,5.8,2428,1054,1947,0,1995,1,1
2678,3143,3,98.0,0.0,8.1,1853,2815,2731,5,1996,1,1
2680,6990,5,109.0,0.0,6.6,219,1138,2762,4,1995,1,1
2681,2484,4,100.0,0.0,6.6,2652,2298,2651,4,1995,1,1
2682,5429,6,104.0,0.0,5.4,2258,80,1632,0,1995,1,1
2685,131,1,78.0,0.0,6.9,1605,2341,241,2,1995,1,1
2688,6985,6,106.0,0.0,6.8,1021,2291,1983,4,1995,1,1
2697,2958,6,96.0,0.0,5.7,2388,4454,1432,0,1995,1,1
2703,5722,6,112.0,0.0,7.5,1758,1478,2265,9,1995,1,1
2710,2541,6,127.0,0.0,6.5,1438,2170,2020,5,1995,1,1
2712,6545,6,98.0,0.0,6.5,1012,1531,447,0,1995,1,1
2718,5612,4,100.0,0.0,5.6,1077,1635,2501,4,1995,1,1
2719,7276,6,106.0,0.0,5.6,315,1258,615,0,1995,1,1
2722,508,6,132.0,0.0,6.3,2302,2577,2535,0,1995,1,1
2727,1495,6,119.0,0.0,6.9,56,150,1533,0,1995,1,1
2732,4701,6,87.0,0.0,6.8,2596,1207,1025,0,1996,1,1
2734,2655,5,117.0,0.0,6.3,1323,4424,2789,4,1995,1,1
2741,7272,6,98.0,0.0,5.7,1369,2189,445,11,1995,1,6
2742,7449,6,98.0,0.0,5.9,2873,3348,1133,0,1995,1,1
2753,7179,3,167.0,0.0,8.1,793,1157,2128,4,1997,1,1
2757,1914,6,91.0,0.0,4.3,124,3314,2779,0,1995,1,1
2761,4834,6,91.0,0.0,5.7,1575,3707,1772,1,1995,1,1
2784,2483,6,105.0,0.0,6.8,1173,1787,2132,7,1996,1,6
2787,5772,5,97.0,0.0,7.7,2194,3638,1323,7,1995,1,1
2789,2087,5,101.0,0.0,6.5,268,437,255,4,1995,1,1
2791,6112,6,110.0,0.0,6.0,1118,1713,441,0,1995,1,5
2814,2059,4,96.0,0.0,6.7,379,1777,1783,7,1995,1,1
2825,4703,6,87.0,0.0,4.5,1805,2752,1787,4,1995,1,0
2830,6951,4,115.0,0.0,6.1,1828,767,2055,7,1995,1,5
2831,1933,4,81.0,0.0,6.4,2240,3407,1187,1,1995,1,1
2835,3462,4,101.0,0.0,5.5,2334,3561,1726,1,1995,1,1
2838,4686,5,104.0,0.0,5.5,493,1776,303,4,1997,1,1
2848,5010,6,147.0,0.0,7.6,210,2606,2227,5,1996,1,1
2854,7135,5,113.0,0.0,6.4,1197,2908,952,0,1996,1,1
2860,217,6,149.0,0.0,7.5,1350,2107,1782,5,1996,1,1
2865,6285,6,121.0,0.0,6.8,2289,3909,849,0,1996,1,6
2868,5219,6,118.0,0.0,6.6,237,397,1172,7,1996,1,1
2872,5621,6,117.0,0.0,7.1,1986,1867,2249,4,1996,1,1
2875,3090,5,114.0,0.0,6.9,296,348,2793,4,1996,1,1
2879,5282,6,115.0,0.0,4.5,107,581,604,4,1996,1,1
2881,5373,6,96.0,0.0,7.2,746,2203,2730,4,1997,1,1
2884,5691,5,96.0,0.0,6.1,225,2609,1207,4,1996,1,1
2895,2902,4,79.0,0.0,6.7,1064,3570,2076,2,1996,1,1
2900,7427,5,129.0,0.0,6.6,2336,645,1133,1,1996,1,1
2902,978,6,108.0,0.0,6.0,1449,1506,1290,0,1996,1,1
2908,7292,6,84.0,0.0,7.5,473,724,440,4,1997,1,1
2914,662,5,81.0,0.0,6.8,716,3020,1889,2,1996,1,5
2917,609,6,98.0,0.0,3.4,620,704,2037,0,1996,1,1
2919,6499,4,100.0,0.0,5.0,2580,2537,257,0,1996,1,1
2921,1901,6,101.0,0.0,6.2,1436,1284,2309,5,1996,1,1
2922,29,6,104.0,0.0,6.5,1394,2111,2583,4,1996,1,1
2925,2126,6,102.0,0.0,6.8,1860,2834,2176,4,1997,1,1
2926,3043,4,93.0,0.0,3.0,2152,3300,2414,4,1996,1,1
2927,1667,5,92.0,0.0,6.2,655,1656,1451,4,1996,1,1
2930,2934,4,89.0,0.0,5.6,327,3469,170,1,1996,1,1
2937,3338,6,135.0,0.0,7.4,1435,2165,404,7,1996,1,1
2939,4271,4,123.0,0.0,6.4,1460,1465,1290,7,1996,1,1
2942,1877,4,135.0,0.0,6.3,49,4208,1682,3,1997,1,1
2948,3806,5,117.0,0.0,6.1,1049,693,1848,4,1996,1,1
2953,624,6,107.0,0.0,6.9,1530,2531,1142,3,1996,1,1
2961,2979,6,123.0,0.0,6.9,1956,1639,437,7,1996,1,1
2962,1005,6,84.0,0.0,5.8,811,2025,508,0,1996,1,1
2966,6520,5,144.0,0.0,6.2,1198,1615,1983,7,1997,1,1
2967,2100,6,102.0,0.0,6.2,155,2290,951,7,1996,1,1
2969,7210,5,124.0,0.0,6.2,1451,2007,2239,7,1996,1,1
2974,2240,5,130.0,0.0,6.7,2353,2574,49,7,1997,1,1
2977,2904,4,112.0,0.0,6.8,862,662,2781,7,1996,1,5
2979,5293,6,121.0,0.0,6.8,2314,1260,881,4,1997,1,5
3008,3534,6,108.0,0.0,5.8,2609,4348,1355,7,1996,1,1
3012,1113,6,110.0,0.0,6.6,2391,1205,696,7,1996,1,0
3015,319,1,82.0,0.0,5.5,1652,303,380,2,1996,1,6
3026,6809,6,100.0,0.0,6.7,2609,3694,473,4,1997,1,5
3028,3709,5,123.0,0.0,6.5,2167,852,2250,7,1996,1,1
3030,4909,4,93.0,0.0,6.4,540,3412,259,7,1997,1,1
3034,3795,5,96.0,0.0,3.8,2039,691,724,4,1996,1,1
3038,845,6,90.0,0.0,4.8,46,1902,521,0,1996,1,5
3039,4270,6,89.0,0.0,3.9,744,764,1179,4,1996,1,1
3042,1119,5,91.0,0.0,5.3,2780,2298,508,4,1996,1,6
3044,5955,6,129.0,0.0,7.8,611,2062,1835,7,1997,1,1
3048,530,5,89.0,0.0,7.0,1221,3026,1890,1,1997,1,5
3049,3333,6,137.0,0.0,6.9,26,4377,1172,7,1998,1,1
3053,1299,6,115.0,0.0,6.9,2579,3862,1981,0,1997,1,1
3054,2893,6,154.0,0.0,7.5,2254,3433,2035,5,1997,1,1
3059,2567,4,102.0,0.0,4.5,2263,2116,52,0,1997,1,5
3060,285,6,124.0,0.0,6.5,2919,213,933,0,1997,1,1
3064,1454,5,108.0,0.0,6.0,2428,2561,2124,0,1997,1,1
3066,4394,5,134.0,0.0,8.4,1055,1596,2804,2,1997,1,1
3067,4800,6,120.0,0.0,6.2,2884,2441,1967,11,1997,1,1
3070,2196,5,106.0,0.0,7.8,122,208,770,7,1997,1,1
3075,3252,5,86.0,0.0,6.9,2802,3287,1207,4,1997,1,1
3076,1654,6,127.0,0.0,7.7,1985,2263,35,3,1997,1,1
3077,2200,4,92.0,0.0,5.5,2491,1861,290,0,1997,1,1
3078,418,1,94.0,0.0,7.2,725,4096,1796,2,1997,1,1
3081,2295,4,95.0,0.0,5.7,329,841,1442,4,1997,1,1
3083,5847,6,117.0,0.0,6.9,1674,976,152,0,1997,1,1
3087,5124,5,121.0,0.0,3.9,1197,1506,2337,0,1997,1,1
3093,4853,5,136.0,0.0,7.1,1232,1601,279,1,1997,1,1
3099,7149,6,125.0,0.0,6.7,2082,2161,2385,5,1997,1,5
3123,4112,6,119.0,0.0,7.7,60,102,691,7,1997,1,1
3125,3812,6,107.0,0.0,6.1,764,4408,2762,0,1997,1,1
3129,5094,6,115.0,0.0,7.0,967,1457,2712,4,1997,1,1
3138,7493,6,90.0,0.0,5.8,2385,3334,2555,9,1997,1,1
3145,6740,6,112.0,0.0,7.5,196,3775,992,7,1997,1,1
3150,5222,5,97.0,0.0,2.9,1590,2625,2414,0,1997,1,1
3152,3127,5,134.0,0.0,7.0,1838,2875,2576,3,1998,1,5
3153,1409,3,111.0,0.0,7.4,1627,2457,1764,5,2001,1,0
3154,3321,6,103.0,0.0,7.4,2165,3320,1586,7,1998,1,1
3160,7117,4,99.0,0.0,3.7,2565,3934,1099,0,1997,1,6
3168,4016,6,82.0,0.0,6.5,1003,1521,1050,4,1997,1,1
3170,1881,5,101.0,0.0,5.4,1768,2853,73,0,1997,1,1
3173,5586,4,105.0,0.0,5.5,1581,4234,809,4,1997,1,1
3175,1214,6,97.0,0.0,6.1,1403,2406,939,5,1997,1,1
3180,145,6,103.0,0.0,6.4,578,2114,331,4,1997,1,1
3182,2821,3,96.0,0.0,7.3,809,3165,2475,5,1998,1,1
3184,3963,6,101.0,0.0,6.2,2079,3185,781,7,1998,1,1
3191,2346,6,91.0,0.0,6.9,2867,4380,2693,4,1997,1,5
3199,4372,5,106.0,0.0,6.8,2641,4041,1091,3,1997,1,5
3200,1110,1,75.0,0.0,6.9,1795,2735,2361,2,1997,1,1
3208,7139,6,84.0,0.0,5.5,1183,1800,2228,4,1999,1,1
3214,3217,4,84.0,0.0,5.2,132,465,443,4,1997,1,1
3218,4319,6,82.0,0.0,2.7,287,463,2658,4,1997,1,5
3221,2290,4,94.0,0.0,4.8,469,1975,1239,4,1997,1,1
3230,1773,6,92.0,0.0,6.2,1903,2912,1338,4,1999,1,6
3231,7361,6,103.0,0.0,6.8,1956,2964,2482,7,1997,1,1
3236,2650,6,93.0,0.0,5.4,1699,2727,239,4,1997,1,1
3243,6351,6,97.0,0.0,6.5,1804,1512,1086,4,1997,1,1
3252,7459,6,108.0,0.0,6.5,1415,4012,1463,5,1998,1,1
3255,3581,5,178.0,0.0,7.2,1831,3728,279,7,1998,1,1
3257,1962,6,118.0,0.0,7.6,2726,1660,1293,1,1998,1,1
3259,6906,6,119.0,0.0,7.1,296,1174,331,4,1998,1,1
3262,4141,6,123.0,0.0,7.0,2665,1241,859,4,1998,1,5
3266,4317,5,124.0,0.0,7.5,920,1407,2628,4,1998,1,1
3270,6347,5,136.0,0.0,6.8,1832,2195,161,0,1998,1,1
3280,5232,5,125.0,0.0,6.8,434,1476,1355,4,1998,1,1
3293,6077,5,169.0,0.0,6.6,2395,3142,2239,7,1998,1,1
3294,2407,11,134.0,0.0,7.7,2776,4242,1080,4,1998,1,1
3295,4217,5,115.0,0.0,6.8,2802,3236,2249,3,1998,1,1
3297,7151,5,131.0,0.0,6.6,2672,3762,2660,0,1998,1,1
3303,77,6,93.0,0.0,5.8,1793,2732,2300,7,1998,1,1
3306,997,6,110.0,0.0,7.5,2859,4368,2733,4,1998,1,1
3307,4416,6,105.0,0.0,4.6,1021,3592,2730,11,1998,1,1
3309,1623,6,84.0,0.0,5.6,644,3862,1060,11,1998,1,1
3311,4706,6,80.0,0.0,7.7,2806,4286,815,5,1999,1,5
3312,1210,5,114.0,0.0,6.7,306,4493,1981,7,1998,1,1
3317,7240,6,108.0,0.0,6.1,1369,2172,1073,0,1998,1,1
3339,1612,5,82.0,0.0,6.4,292,1368,1998,4,1998,1,1
3340,477,6,111.0,0.0,6.7,351,4003,993,5,1998,1,6
3345,3454,4,88.0,0.0,6.0,538,2644,810,4,1998,1,1
3347,5613,6,91.0,0.0,6.1,1625,383,1731,0,1998,1,1
3348,867,5,123.0,0.0,4.9,1407,820,509,0,1998,1,1
3353,7128,6,94.0,0.0,6.2,2362,3590,2072,5,1998,1,1
3357,7297,4,91.0,0.0,7.4,1624,2455,990,4,1999,1,5
3366,7529,5,87.0,0.0,6.1,2112,3234,1576,0,1998,1,6
3371,1382,6,127.0,0.0,8.1,793,1495,191,4,1998,1,1
3373,2883,4,101.0,0.0,5.4,2838,2774,1848,4,1998,1,1
3383,1491,6,96.0,0.0,6.0,42,272,2640,4,1998,1,1
3388,1124,6,110.0,0.0,8.0,2874,2696,799,7,1998,1,5
3392,4585,6,111.0,0.0,6.9,1501,3419,2730,7,1998,1,5
3401,3406,6,112.0,0.0,7.7,1536,2322,1933,7,1998,1,1
3404,5027,6,91.0,0.0,6.6,2707,4131,1948,4,1998,1,5
3406,5266,6,85.0,0.0,5.1,1427,1044,1467,11,1998,1,5
3408,4228,4,91.0,0.0,6.5,1434,2517,851,1,1998,1,1
3409,269,3,119.0,0.0,7.6,1072,1629,163,7,1999,1,5
3411,4251,6,88.0,0.0,6.2,664,1957,220,3,1999,1,1
3421,2714,4,86.0,0.0,5.5,180,4272,1314,4,1998,1,1
3426,5504,11,111.0,0.0,6.3,2151,1682,2489,4,1999,1,0
3428,3104,6,93.0,0.0,5.6,744,1770,585,4,1998,1,1
3430,5100,6,91.0,0.0,5.8,1651,2490,2515,4,1998,1,1
3433,4304,6,117.0,0.0,6.3,2052,1743,352,5,1998,1,6
3443,5360,3,83.0,0.0,7.0,1334,2025,2324,7,1998,1,0
3446,6750,6,139.0,0.0,7.4,161,3239,1770,5,1999,1,1
3448,6399,5,124.0,0.0,7.0,2624,4017,290,0,1999,1,1
3457,2179,4,102.0,0.0,7.3,677,959,2613,1,1999,1,6
3460,5626,6,81.0,0.0,6.5,568,863,943,11,1999,1,1
3465,1534,6,105.0,0.0,5.9,2289,1155,2602,0,1999,1,1
3474,1779,6,103.0,0.0,7.2,73,4275,1777,4,1999,1,1
3476,6158,4,86.0,0.0,8.0,303,4205,704,2,1999,1,1
3485,1577,6,88.0,0.0,5.7,1984,1585,2221,4,1999,1,6
3490,1714,5,97.0,0.0,6.6,1934,2601,1489,4,1999,1,1
3491,919,6,118.0,0.0,7.5,1621,2452,965,3,2000,1,1
3502,4039,4,108.0,0.0,7.8,1335,1637,1036,3,1999,1,1
3510,5103,6,81.0,0.0,7.7,2834,4328,2689,2,1999,1,5
3512,2737,6,92.0,0.0,6.2,2418,4156,622,4,1999,1,1
3519,4502,6,101.0,0.0,7.0,167,4140,913,1,1999,1,1
3521,3511,5,112.0,0.0,7.1,2118,1816,811,4,1999,1,1
3522,5245,6,99.0,0.0,7.0,626,3536,1463,11,1999,1,1
3525,5443,5,96.0,0.0,5.3,1615,2441,953,4,1999,1,6
3529,2822,4,78.0,0.0,4.2,624,227,1777,0,1999,1,1
3530,488,6,117.0,0.0,7.2,1813,1213,1133,0,1999,1,1
3532,315,6,101.0,0.0,7.9,2165,3320,363,7,2000,1,5
3534,862,5,93.0,0.0,6.3,1684,2893,1746,0,1999,1,1
3536,3617,5,126.0,0.0,6.2,1726,3131,1466,7,1999,1,1
3547,1591,5,94.0,0.0,6.2,114,197,1489,4,1999,1,5
3550,6983,6,162.0,0.0,7.1,1534,4486,152,7,2000,1,1
3566,1766,5,122.0,0.0,6.1,2440,4536,1782,4,1999,1,1
3568,4491,6,133.0,0.0,5.2,2693,4403,933,7,1999,1,5
3571,1925,1,75.0,0.0,7.2,716,1264,1058,2,2000,1,6
3572,6569,6,104.0,0.0,4.7,1567,4003,735,11,1999,1,1
3573,5558,6,109.0,0.0,5.4,2274,3462,382,7,1999,1,1
3581,5512,1,73.0,0.0,5.8,915,3055,1464,1,1999,1,1
3585,1723,4,77.0,0.0,3.9,1088,1861,290,4,1999,1,6
3593,4328,1,99.0,0.0,6.1,1914,3841,2719,2,2000,1,1
3596,517,5,128.0,0.0,6.0,1104,3192,2706,7,1999,1,1
3601,1319,5,118.0,0.0,6.9,2359,264,886,4,1999,1,1
3604,4097,6,106.0,0.0,6.8,1829,3349,2152,7,1999,1,1
3611,6306,5,88.0,0.0,5.5,2193,619,1405,4,1999,1,6
3613,2764,6,95.0,0.0,6.3,1941,2934,2020,5,1999,1,1
3620,4313,6,124.0,0.0,5.5,2442,3729,2793,4,2000,1,6
3627,5731,4,90.0,0.0,8.2,1746,2668,973,7,2000,1,1
3631,398,6,80.0,0.0,7.1,893,3402,1950,7,1999,1,1
3633,281,3,125.0,0.0,7.2,1871,2856,1707,3,1999,1,6
3636,6378,6,111.0,0.0,6.1,1038,2570,2031,5,1999,1,1
3643,2943,6,93.0,0.0,6.7,873,1370,1991,5,1999,1,5
3645,379,6,101.0,0.0,7.6,1844,501,423,4,2000,1,1
3655,7532,5,104.0,0.0,7.4,351,4252,2054,0,2000,1,1
3659,7157,5,106.0,0.0,7.3,1740,2660,316,7,2000,1,1
3662,5579,6,119.0,0.0,6.7,578,2114,1570,1,2000,1,1
3665,3694,5,123.0,0.0,6.1,1449,546,2638,0,2000,1,5
3667,5497,5,123.0,0.0,5.9,2432,781,170,0,2000,1,6
3668,1169,1,84.0,0.0,7.0,2202,3360,1806,2,2000,1,1
3670,1991,6,98.0,0.0,6.7,1187,1486,622,11,2000,1,1
3674,7375,5,130.0,0.0,6.6,2407,752,933,7,2000,1,1
3675,5855,1,78.0,0.0,7.4,1795,706,586,2,2000,1,1
3676,1396,5,120.0,0.0,7.8,142,1657,402,0,2001,1,1
3678,1722,5,83.0,0.0,5.5,581,3399,178,4,2000,1,5
3696,4778,6,90.0,0.0,5.0,194,323,179,7,2000,1,1
3713,3374,5,124.0,0.0,7.2,979,1481,2336,7,2000,1,1
3717,4230,5,123.0,0.0,7.2,1991,617,1472,7,2000,1,5
3718,7259,5,124.0,0.0,5.9,1832,3633,2364,0,2000,1,1
3723,10,1,100.0,0.0,4.9,1605,1096,886,1,2000,1,1
3728,4872,6,99.0,0.0,6.0,1438,1292,2332,0,2000,1,1
3739,3047,5,128.0,0.0,6.4,777,4083,220,4,2000,1,5
3742,897,6,90.0,0.0,4.0,1327,863,1140,1,2000,1,1
3743,4699,6,128.0,0.0,6.4,2901,1999,2660,7,2000,1,5
3750,5822,5,101.0,0.0,7.2,2355,3823,2317,4,2001,1,1
3755,5520,4,92.0,0.0,4.2,700,1861,2227,2,2000,1,1
3760,605,6,135.0,0.0,6.6,2587,3968,508,4,2000,1,1
3763,6966,6,101.0,0.0,7.0,1350,3750,467,7,2001,1,1
3772,3223,5,96.0,0.0,4.5,2852,69,1486,0,2001,1,1
3774,4417,11,95.0,0.0,6.2,2386,635,1543,4,2001,1,1
3778,6162,3,90.0,0.0,7.0,1619,2448,1375,7,2000,1,1
3786,4512,5,107.0,0.0,5.4,329,4053,564,4,2000,1,1
3798,3842,4,95.0,0.0,7.0,1222,4491,817,4,2000,1,1
3804,3418,6,105.0,0.0,5.0,2072,42,1290,4,2000,1,1
3814,5030,4,94.0,0.0,6.7,2922,4498,2792,4,2000,1,1
3816,911,5,106.0,0.0,5.7,731,1115,210,7,2000,1,5
3821,6089,4,135.0,0.0,7.0,2721,1192,876,15,2000,1,5
3825,6770,1,77.0,0.0,6.4,1539,1184,1209,2,2000,1,6
3828,1292,6,98.0,0.0,5.1,1704,2589,944,4,2000,1,1
3834,5987,6,130.0,0.0,5.9,1167,1615,2704,7,2001,1,5
3835,1600,4,82.0,0.0,6.1,716,62,1532,2,2000,1,1
3844,2439,4,152.0,0.0,7.6,434,1718,531,1,2001,1,1
3846,6293,5,178.0,0.0,8.8,2198,1722,707,0,2001,1,6
3847,3225,5,96.0,0.0,6.3,2390,158,2176,4,2001,1,1
3849,3735,1,92.0,0.0,8.1,2173,3326,255,2,2001,1,5
3852,4000,6,89.0,0.0,5.7,1346,3013,452,4,2001,1,5
3857,98,5,135.0,0.0,8.2,2440,61,2291,3,2002,1,1
3861,396,6,122.0,0.0,8.3,1238,1535,185,4,2002,1,1
3871,7246,6,136.0,0.0,6.9,368,102,2638,9,2001,1,1
3877,4498,5,112.0,0.0,6.4,1284,224,288,0,2001,1,6
3878,5309,5,104.0,0.0,5.1,1951,2427,824,4,2001,1,1
3881,7596,5,90.0,0.0,6.5,225,1146,220,4,2001,1,5
3882,3004,5,92.0,0.0,5.9,1335,2908,2317,0,2001,1,1
3883,1813,6,131.0,0.0,7.6,1232,1876,1346,7,2001,1,6
3889,1878,5,101.0,0.0,6.1,1111,1107,571,4,2001,1,6
3895,1009,9,108.0,0.0,6.9,1649,1993,280,3,2001,1,5
3899,6505,6,131.0,0.0,7.5,1915,2932,1011,7,2001,1,5
3901,3176,5,100.0,0.0,5.8,2579,3824,126,0,2001,1,1
3904,344,6,104.0,0.0,6.4,1674,1797,1923,7,2001,1,1
3907,1641,5,89.0,0.0,5.6,1047,2574,1290,5,2001,1,5
3912,60,6,125.0,0.0,6.0,684,3542,1516,0,2001,1,1
3915,2912,6,104.0,0.0,6.8,1612,2437,1107,4,2001,1,1
3918,1385,4,95.0,0.0,4.8,2580,3292,2064,0,2001,1,1
3919,2488,6,109.0,0.0,6.5,636,976,852,0,2001,1,1
3922,6517,6,124.0,0.0,6.8,2535,1382,1020,5,2001,1,1
3924,2239,6,98.0,0.0,4.9,1369,2498,1947,0,2001,1,1
3926,4644,6,105.0,0.0,6.3,2613,2174,1731,7,2001,1,1
3930,5981,5,106.0,0.0,5.8,572,4421,629,5,2001,1,1
3936,557,6,130.0,0.0,6.4,1438,2170,66,5,2001,1,1
3942,1650,6,113.0,0.0,6.3,913,201,1835,7,2001,1,1
3949,2768,6,131.0,0.0,7.4,2770,177,2657,5,2002,1,1
3950,4348,5,81.0,0.0,5.3,1711,2613,419,0,2001,1,1
3954,5813,6,106.0,0.0,7.4,1018,1538,1718,7,2001,1,5
3961,1884,6,101.0,0.0,5.6,129,1176,2511,0,2001,1,5
3972,356,5,102.0,0.0,5.7,1341,437,1355,4,2001,1,1
3981,3651,4,87.0,0.0,7.9,2507,3840,1912,2,2002,1,1
3983,2089,6,93.0,0.0,6.3,2444,3983,2332,0,2002,1,1
3984,22,6,120.0,0.0,6.1,1394,2111,2227,0,2001,1,5
3985,2848,6,91.0,0.0,7.0,2303,2055,1348,3,2002,1,1
4001,7087,3,101.0,0.0,6.0,490,748,2733,7,2001,1,1
4002,3554,4,86.0,0.0,5.4,2755,965,52,4,2001,1,1
4015,3174,6,121.0,0.0,7.3,2281,190,153,7,2002,1,1
4016,3136,11,97.0,0.0,7.1,1902,4005,297,5,2002,1,1
4017,6829,6,93.0,0.0,4.8,537,812,664,4,2001,1,1
4020,5479,5,90.0,0.0,5.2,2645,1442,1070,0,2001,1,5
4021,7386,5,94.0,0.0,5.5,2491,1119,1746,4,2001,1,1
4024,1670,5,87.0,0.0,5.4,455,1216,419,4,2001,1,5
4026,4825,4,94.0,0.0,5.4,1447,1444,564,0,2001,1,1
4030,3621,5,108.0,0.0,7.2,2339,3202,2679,2,2002,1,1
4036,1334,5,86.0,0.0,4.7,2352,944,409,4,2001,1,1
4045,6731,5,124.0,0.0,6.4,2226,4250,210,0,2002,1,1
4059,5193,4,142.0,0.0,6.5,957,1450,940,0,2002,1,5
4064,529,5,94.0,0.0,6.2,1221,3026,1890,0,2002,1,1
4073,2726,4,81.0,0.0,7.5,454,2940,607,2,2002,1,1
4081,3828,4,95.0,0.0,6.6,1352,3119,1968,4,2002,1,1
4082,7346,6,138.0,0.0,7.2,2278,1580,1806,0,2002,1,1
4084,7604,5,124.0,0.0,5.9,2344,3509,2729,0,2002,1,1
4086,6639,5,92.0,0.0,5.5,486,4017,673,0,2002,1,1
4088,1595,5,133.0,0.0,6.1,1674,1667,2124,0,2002,1,1
4093,2227,6,91.0,0.0,5.5,2631,2747,1363,11,2002,1,5
4096,5143,1,83.0,0.0,7.2,1573,2099,1770,2,2002,1,1
4099,4276,6,81.0,0.0,7.0,1350,2489,467,5,2003,1,6
4111,1034,6,93.0,0.0,5.6,782,1222,1317,11,2003,1,1
4119,43,6,135.0,0.0,7.6,2587,916,697,7,2003,1,1
4120,2804,6,101.0,0.0,8.0,119,79,119,0,2002,1,6
4123,6619,6,110.0,0.0,6.6,2425,501,1070,4,2002,1,1
4126,464,5,120.0,0.0,7.3,694,284,615,3,2003,1,1
4129,5384,6,129.0,0.0,7.6,2106,3074,1391,5,2002,1,1
4131,2529,5,115.0,0.0,6.4,372,2264,1208,5,2002,1,5
4132,7144,5,101.0,0.0,6.1,1760,2689,2337,4,2002,1,1
4150,510,4,107.0,0.0,6.7,37,3497,915,1,2005,1,1
4151,5367,6,89.0,0.0,3.6,1026,1548,1682,4,2002,1,1
4154,3021,5,91.0,0.0,4.6,1289,489,1884,4,2002,1,1
4155,1626,5,116.0,0.0,6.1,367,3488,2337,7,2002,1,5
4159,5369,5,85.0,0.0,5.1,1430,641,1187,7,2002,1,1
4160,5418,6,112.0,0.0,7.9,2165,3320,2276,7,2003,1,5
4172,1932,5,107.0,0.0,7.4,2772,4235,1365,7,2003,1,1
4175,534,6,105.0,0.0,6.6,2157,3623,899,3,2002,1,1
4177,1278,6,108.0,0.0,5.5,110,3736,170,0,2002,1,5
4178,7186,6,94.0,0.0,6.2,2873,946,2762,0,2002,1,1
4182,7368,5,101.0,0.0,7.5,2057,3161,1438,7,2003,1,1
4184,7064,6,106.0,0.0,6.2,1726,1515,1463,0,2002,1,1
4186,2754,5,105.0,0.0,7.7,1307,1994,2032,7,2004,1,1
4196,6565,6,101.0,0.0,7.1,2241,1502,1829,7,2003,1,1
4197,6632,1,104.0,0.0,5.7,1922,1114,2613,4,2002,1,1
4200,5091,6,93.0,0.0,5.5,2869,2028,202,4,2002,1,1
4201,5758,1,88.0,0.0,4.2,2190,2763,923,4,2002,1,1
4202,317,6,95.0,0.0,5.9,1596,3735,995,0,2002,1,1
4214,1465,5,88.0,0.0,5.4,1215,1850,135,11,2004,1,1
4223,3741,5,117.0,0.0,6.6,306,488,1036,7,2002,1,1
4224,2379,5,98.0,0.0,4.6,730,1112,1926,0,2002,1,1
4227,4108,6,113.0,0.0,7.5,2691,4108,2461,7,2002,1,1
4232,1578,6,96.0,0.0,5.6,2517,3293,2483,0,2002,1,5
4245,4298,5,143.0,0.0,8.0,991,4139,1293,0,2003,1,5
4250,6260,6,130.0,0.0,7.5,49,653,1472,5,2003,1,1
4265,6163,5,111.0,0.0,7.0,826,4333,654,0,2003,1,1
4268,3728,6,109.0,0.0,7.3,2128,3261,382,3,2004,1,5
4270,1456,5,103.0,0.0,5.3,1819,2774,210,0,2003,1,1
4272,6382,6,137.0,0.0,6.5,2440,4181,2660,1,2003,1,1
4277,2555,4,117.0,0.0,7.0,110,2620,2435,1,2003,1,5
4280,6622,5,104.0,0.0,6.7,2177,3440,673,0,2003,1,5
4283,4077,6,102.0,0.0,6.4,2397,3661,161,0,2003,1,6
4287,2770,6,119.0,0.0,5.3,1198,1818,1796,14,2003,1,1
4293,577,6,147.0,0.0,6.6,1891,1444,2776,0,2003,1,1
4294,4109,6,139.0,0.0,7.4,1599,2510,1466,0,2003,1,5
4297,991,5,101.0,0.0,6.7,2802,4043,1207,4,2003,1,1
4301,1147,5,106.0,0.0,4.9,1875,1697,667,0,2003,1,1
4305,4111,6,79.0,0.0,5.7,438,688,262,1,2004,1,5
4306,5071,5,128.0,0.0,6.7,2010,3083,1020,4,2003,1,1
4307,2249,5,100.0,0.0,6.9,2219,4316,2357,3,2004,1,1
4310,5682,3,93.0,0.0,5.0,2859,4368,2733,7,2003,1,1
4314,2839,5,100.0,0.0,6.2,1344,3656,859,4,2003,1,1
4318,7174,5,113.0,0.0,6.8,197,1339,629,4,2003,1,5
4324,1784,6,81.0,0.0,7.2,1021,1541,706,5,2003,1,1
4325,1466,5,86.0,0.0,5.0,1478,2027,369,9,2003,1,1
4326,5164,4,84.0,0.0,4.3,2397,3661,553,0,2003,1,1
4336,1431,4,92.0,0.0,5.6,2636,1431,687,4,2003,1,1
4340,7514,6,104.0,0.0,6.6,1152,1758,2706,5,2003,1,1
4344,2271,5,219.0,0.0,6.3,2441,1903,2488,3,2003,1,1
4345,2633,6,126.0,0.0,7.5,2847,178,1154,5,2004,1,1
4349,621,6,98.0,0.0,6.5,1416,1802,1290,0,2003,1,1
4353,277,4,102.0,0.0,5.1,1043,321,817,0,2003,1,5
4362,1270,6,118.0,0.0,5.0,1975,3529,614,7,2003,1,1
4365,7271,5,87.0,0.0,5.3,344,1277,914,4,2003,1,1
4368,6592,3,110.0,0.0,8.0,128,4376,2748,7,2003,1,5
4369,4466,4,109.0,0.0,6.9,1951,3028,491,3,2003,1,5
4381,6997,5,92.0,0.0,7.8,2507,3840,2701,2,2003,1,1
4382,1660,6,96.0,0.0,4.6,619,3232,2563,4,2004,1,1
4384,966,6,102.0,0.0,6.6,2610,3995,2480,4,2003,1,1
4385,3389,6,93.0,0.0,7.6,2930,4504,909,4,2004,1,6
4389,6017,6,100.0,0.0,7.3,101,176,1989,4,2003,1,1
4395,7465,5,100.0,0.0,6.1,981,1486,489,7,2003,1,6
4396,3384,5,100.0,0.0,5.2,2836,2990,1973,4,2003,1,1
4397,5604,6,366.0,0.0,8.5,1771,3817,1663,7,2003,1,1
4398,6899,5,98.0,0.0,5.7,114,188,44,0,2003,1,1
4402,2869,5,109.0,0.0,5.6,884,1966,1487,4,2003,1,5
4404,5904,5,123.0,0.0,5.6,1479,1229,491,4,2003,1,1
4405,468,6,108.0,0.0,6.3,2922,4498,2792,4,2003,1,1
4407,1049,5,114.0,0.0,6.2,2771,4234,650,4,2003,1,1
4408,6176,1,72.0,0.0,5.4,2650,2359,1267,2,2003,1,1
4411,2825,6,105.0,0.0,6.8,1372,2761,453,4,2004,1,5
4412,332,6,108.0,0.0,6.8,614,949,2829,7,2003,1,5
4415,2456,5,95.0,0.0,5.5,449,697,419,4,2003,1,1
4422,6459,6,102.0,0.0,5.2,323,520,942,11,2003,1,1
4427,5383,6,100.0,0.0,6.3,464,2066,914,3,2003,1,1
4435,3856,6,106.0,0.0,7.5,1105,1690,2351,7,2003,1,6
4446,1633,5,92.0,0.0,6.7,2279,3474,220,4,2004,1,1
4448,3571,5,97.0,0.0,7.0,1822,3744,1604,4,2004,1,1
4451,1842,6,108.0,0.0,8.3,1959,659,1207,7,2004,1,5
4452,3060,6,137.0,0.0,8.0,2254,3433,2704,0,2004,1,1
4457,4765,6,103.0,0.0,7.6,1184,2544,345,11,2004,1,1
4462,2722,5,115.0,0.0,7.1,71,1905,2776,0,2004,1,1
4463,2662,4,119.0,0.0,8.2,1055,1596,394,2,2005,1,1
4468,3869,6,86.0,0.0,6.7,2164,1603,1945,7,2005,1,1
4473,73,5,99.0,0.0,6.8,2214,1459,17,4,2004,1,1
4475,1673,6,156.0,0.0,8.2,2080,398,317,3,2005,1,6
4477,4935,4,93.0,0.0,7.2,106,4487,1890,2,2004,1,6
4480,1473,6,101.0,0.0,7.3,2945,1435,2351,0,2004,1,1
4484,420,5,94.0,0.0,7.2,17,4430,2771,4,2004,1,6
4494,90,3,71.0,0.0,4.8,1956,2999,1477,7,2005,1,1
4501,3586,5,115.0,0.0,6.3,1221,1514,220,4,2004,1,5
4502,4948,6,127.0,0.0,7.5,73,3503,2062,4,2004,1,1
4504,5209,5,101.0,0.0,6.1,2775,4443,220,4,2004,1,1
4505,4887,4,90.0,0.0,6.0,247,2940,2776,2,2004,1,1
4508,4388,5,77.0,0.0,6.9,2553,3910,2406,7,2005,1,5
4511,5066,3,106.0,0.0,6.7,394,611,11,7,2004,1,1
4512,6710,4,87.0,0.0,7.1,2614,1069,2649,2,2004,1,1
4520,6537,1,113.0,0.0,5.8,907,2864,141,4,2004,1,1
4522,1112,5,104.0,0.0,3.4,2246,462,925,0,2004,1,5
4523,4827,6,87.0,0.0,4.8,728,1109,1163,4,2004,1,1
4525,7022,5,84.0,0.0,4.1,1499,2825,1743,0,2004,1,1
4534,493,4,120.0,0.0,5.9,863,2307,1025,0,2004,1,5
4540,3659,6,106.0,0.0,6.4,2289,4410,2706,5,2005,1,1
4548,6053,6,97.0,0.0,6.4,194,2501,179,7,2005,1,1
4552,4997,4,106.0,0.0,6.0,1594,2418,914,0,2004,1,5
4557,1621,6,84.0,0.0,7.1,2244,2631,496,0,2006,1,1
4560,221,6,133.0,0.0,7.6,1238,4114,185,7,2005,1,5
4563,4758,5,92.0,0.0,6.7,317,510,1145,4,2004,1,1
4572,963,6,108.0,0.0,6.0,219,1605,2181,4,2004,1,1
4574,1606,5,86.0,0.0,6.0,1023,2368,633,7,2004,1,1
4575,1424,5,91.0,0.0,5.3,143,237,2341,0,2005,1,6
4585,7248,5,141.0,0.0,6.2,1993,2838,2176,7,2004,1,1
4588,5355,3,189.0,0.0,8.2,193,2661,2400,7,2004,1,1
4589,2693,6,107.0,0.0,6.6,645,989,1112,4,2004,1,1
4591,5833,6,111.0,0.0,6.7,2769,2118,1133,4,2004,1,5
4592,6855,5,98.0,0.0,5.5,1080,3054,316,4,2004,1,1
4593,1821,5,99.0,0.0,4.8,210,4023,220,4,2004,1,1
4594,299,6,103.0,0.0,6.2,415,430,1346,4,2004,1,1
4596,3989,5,141.0,0.0,8.1,1072,1629,2806,7,2004,1,1
4600,6882,6,87.0,0.0,7.2,2054,4055,1463,7,2005,1,1
4608,3151,5,115.0,0.0,6.5,1222,2574,1228,0,2004,1,1
4611,7559,5,95.0,0.0,3.9,452,701,2021,7,2004,1,5
4613,737,5,118.0,0.0,6.7,1613,2438,1472,3,2004,1,5
4614,3152,5,104.0,0.0,7.0,407,4461,1348,7,2005,1,1
4624,3516,6,101.0,0.0,7.4,1512,2286,350,5,2004,1,1
4627,2872,6,90.0,0.0,7.3,1906,2916,2065,3,2005,1,1
4639,7360,5,110.0,0.0,5.2,736,1133,852,4,2004,1,1
4643,3594,5,99.0,0.0,6.4,2922,4498,2771,4,2005,1,1
4660,3081,5,187.0,0.0,7.2,2198,1336,1936,0,2005,1,5
4661,6064,4,109.0,0.0,6.7,909,1136,1742,1,2005,1,1
4663,2337,6,109.0,0.0,7.4,1691,2576,707,5,2005,1,1
4677,2635,6,113.0,0.0,5.4,1216,632,366,11,2005,1,5
4678,2094,6,109.0,0.0,6.8,1438,936,1731,0,2005,1,6
4680,6148,5,128.0,0.0,6.4,2693,2800,1983,5,2005,1,1
4681,7302,5,136.0,0.0,7.8,1173,2192,1228,3,2005,1,1
4682,3358,5,107.0,0.0,7.1,397,3971,942,3,2005,1,1
4683,3808,6,164.0,0.0,7.5,2666,4307,753,0,2006,1,1
4689,2548,5,118.0,0.0,6.6,137,2422,2776,4,2005,1,1
4691,4559,5,135.0,0.0,6.9,434,3989,2565,7,2005,1,1
4693,2905,6,125.0,0.0,7.0,2485,4445,1036,0,2005,1,6
4694,2831,5,110.0,0.0,5.9,1441,2825,2077,0,2005,1,1
4696,4595,6,111.0,0.0,6.4,1026,2631,1116,0,2005,1,5
4701,7585,4,101.0,0.0,6.2,1453,703,1330,0,2005,1,5
4704,642,5,118.0,0.0,5.6,826,1241,1290,4,2005,1,6
4709,5678,5,118.0,0.0,5.9,2726,1213,1770,0,2005,1,1
4716,7503,6,99.0,0.0,6.2,1000,1517,1955,11,2005,1,1
4721,6249,4,129.0,0.0,6.0,1832,3675,161,0,2005,1,1
4722,1159,4,94.0,0.0,5.5,21,3808,2504,1,2005,1,1
4728,3052,4,95.0,0.0,5.6,1286,2549,2771,4,2005,1,5
4729,5702,5,97.0,0.0,5.1,335,2988,2125,0,2005,1,1
4737,6685,5,104.0,0.0,6.5,1093,1213,1407,7,2005,1,6
4742,1168,1,81.0,0.0,5.7,1795,2735,2808,2,2005,1,1
4745,6600,5,110.0,0.0,5.4,1071,1213,1936,11,2005,1,1
4746,3334,6,92.0,0.0,6.5,1090,1659,1192,7,2006,1,1
4752,1093,6,112.0,0.0,6.5,1656,1914,942,1,2006,1,1
4755,5481,6,92.0,0.0,7.6,1211,1843,5,4,2006,1,1
4758,3677,5,115.0,0.0,5.1,1423,2689,2337,0,2005,1,1
4770,6015,4,120.0,0.0,7.4,261,2741,2435,3,2005,1,1
4774,2586,4,80.0,0.0,6.4,518,4231,141,2,2006,1,1
4775,254,6,94.0,0.0,7.8,101,176,2703,4,2005,1,1
4776,842,6,95.0,0.0,2.9,2846,1539,1500,0,2006,1,1
4780,6437,6,91.0,0.0,6.5,1844,2806,905,3,2006,1,1
4782,2299,4,93.0,0.0,7.4,951,1440,587,3,2005,1,5
4783,2731,1,98.0,0.0,6.0,2754,2864,1879,4,2005,1,1
4784,150,5,107.0,0.0,6.6,2056,773,178,4,2005,1,1
4785,1403,5,90.0,0.0,5.8,1255,1906,1360,7,2005,1,1
4786,6547,6,104.0,0.0,7.3,1395,3140,2166,5,2006,1,5
4795,3822,5,98.0,0.0,5.9,912,747,629,4,2005,1,5
4802,4661,5,112.0,0.0,6.2,1748,3181,2398,4,2005,1,1
4805,5334,5,80.0,0.0,4.3,2634,2406,2502,0,2005,1,1
4806,4060,5,130.0,0.0,6.8,2438,639,197,5,2005,1,1
4811,3186,6,97.0,0.0,5.8,1021,1541,1860,7,2005,1,1
4816,429,6,91.0,0.0,7.1,1715,2631,2210,4,2005,1,6
4821,3568,6,91.0,0.0,7.3,1994,3045,1269,4,2005,1,5
4832,1642,6,117.0,0.0,5.2,2157,4490,2475,7,2005,1,1
4833,637,11,98.0,0.0,5.6,381,588,1702,5,2005,1,1
4834,3308,4,90.0,0.0,7.5,1807,1924,1330,4,2006,1,1
4835,1700,4,106.0,0.0,6.8,1387,2102,1516,7,2005,1,1
4837,1912,6,94.0,0.0,6.6,234,633,1771,4,2005,1,1
4839,2975,5,116.0,0.0,7.7,457,707,627,7,2005,1,1
4840,1609,6,91.0,0.0,3.6,1357,1932,1165,4,2006,1,1
4841,1870,5,106.0,0.0,7.4,1694,2245,707,4,2005,1,1
4844,5806,6,151.0,0.0,8.5,1838,4472,1570,5,2006,1,1
4845,5893,5,104.0,0.0,6.0,1548,694,1653,0,2006,1,1
4849,59,6,117.0,0.0,7.6,2945,4520,871,0,2007,1,1
4858,1175,6,109.0,0.0,7.9,78,128,1365,1,2007,1,5
4861,3311,6,101.0,0.0,7.8,1469,2886,2498,4,2006,1,1
4863,836,6,143.0,0.0,8.0,779,647,1570,1,2006,1,1
4865,3948,4,108.0,0.0,6.4,2557,3589,220,1,2006,1,5
4870,245,5,93.0,0.0,6.4,2647,27,1380,4,2006,1,1
4877,7538,5,104.0,0.0,6.7,316,3949,2054,0,2006,1,1
4882,623,6,114.0,0.0,4.3,1894,2023,2422,7,2006,1,1
4889,1546,5,126.0,0.0,7.0,2827,428,615,0,2006,1,1
4895,5227,5,104.0,0.0,6.5,152,1150,370,5,2006,1,1
4896,6079,6,120.0,0.0,7.1,299,476,1391,0,2007,1,6
4898,5043,6,105.0,0.0,5.4,650,2110,2332,0,2006,1,5
4905,347,6,122.0,0.0,6.9,2038,3138,730,3,2007,1,1
4912,1826,4,104.0,0.0,5.1,2599,3340,683,0,2006,1,1
4913,1701,5,130.0,0.0,6.5,250,4255,236,7,2006,1,1
4919,2410,4,108.0,0.0,6.4,960,1453,707,2,2006,1,1
4922,4188,6,90.0,0.0,7.7,2507,4507,1799,2,2007,1,6
4923,3729,4,91.0,0.0,6.6,973,830,1909,2,2006,1,1
4924,4795,5,96.0,0.0,6.6,2922,4498,2357,4,2006,1,1
4932,4568,5,120.0,0.0,7.3,2881,4418,423,0,2007,1,5
4934,194,6,100.0,0.0,7.1,2314,3394,1432,2,2006,1,5
4938,5668,5,106.0,0.0,5.8,2225,1941,1150,4,2006,1,1
4941,6508,4,93.0,0.0,5.7,2557,2546,2504,1,2006,1,1
4947,1227,6,97.0,0.0,7.3,1612,2437,301,4,2006,1,1
4951,6206,4,99.0,0.0,6.8,59,910,1432,7,2006,1,1
4953,4110,4,86.0,0.0,6.1,2424,4027,178,2,2006,1,1
4956,6453,6,110.0,0.0,5.5,1419,1008,1589,0,2006,1,1
4957,6867,3,127.0,0.0,7.5,1582,3296,453,7,2007,1,1
4960,671,6,110.0,0.0,6.3,1217,1853,1121,4,2006,1,1
4966,7283,6,121.0,0.0,7.6,2165,3320,2086,4,2007,1,6
4967,4839,6,115.0,0.0,6.7,665,1018,2124,0,2007,1,1
4974,3453,5,107.0,0.0,5.3,2842,4337,2698,4,2006,1,5
4977,3243,6,84.0,0.0,6.0,289,3589,592,4,2006,1,1
4984,497,4,94.0,0.0,6.0,1715,809,823,2,2007,1,1
4990,2062,5,140.0,0.0,6.5,2817,3390,1052,0,2006,1,1
4996,273,6,120.0,0.0,7.7,2691,4108,1683,7,2007,1,1
5001,3189,5,112.0,0.0,6.5,2880,1918,2134,4,2006,1,1
5002,2145,6,88.0,0.0,5.8,2053,3157,1150,4,2006,1,1
5009,688,6,92.0,0.0,6.7,2515,3853,1952,4,2006,1,5
5010,872,6,117.0,0.0,7.0,792,1242,152,3,2006,1,1
5016,2345,5,125.0,0.0,6.9,2227,1894,673,3,2006,1,1
5019,4492,3,167.0,0.0,8.1,2267,3495,4,4,2006,1,1
5023,755,5,99.0,0.0,4.8,1447,1114,1746,4,2006,1,1
5026,5928,6,85.0,0.0,6.3,1325,377,544,4,2008,1,1
5034,3410,3,77.0,0.0,6.3,1564,2369,765,7,2007,1,0
5035,3027,3,193.0,0.0,6.1,1558,2349,2400,7,2006,1,1
5036,4056,11,76.0,0.0,6.8,1576,2243,530,7,2007,1,1
5039,6658,5,108.0,0.0,6.1,496,1454,1835,0,2006,1,5
5040,5670,6,91.0,0.0,5.1,2033,3601,1878,0,2007,1,1
5042,2589,4,91.0,0.0,5.5,2886,4425,1619,1,2006,1,5
5045,3972,6,122.0,0.0,8.1,814,2037,2660,5,2007,1,1
5058,5135,5,139.0,0.0,6.2,2488,3811,2628,0,2007,1,6
5062,2683,5,101.0,0.0,7.2,856,2766,2776,0,2007,1,5
5066,2550,6,100.0,0.0,6.3,2926,3955,2624,0,2007,1,1
5067,1801,4,107.0,0.0,7.0,1605,425,92,4,2007,1,1
5077,6411,5,105.0,0.0,6.2,2555,1250,2357,4,2007,1,1
5085,3934,5,96.0,0.0,6.2,1674,1402,1981,0,2007,1,5
5086,63,6,122.0,0.0,7.7,1173,1568,2291,0,2007,1,5
5087,249,5,133.0,0.0,7.3,1534,1087,776,7,2007,1,1
5095,670,4,91.0,0.0,6.1,2574,1955,1182,2,2007,1,1
5096,6054,6,116.0,0.0,5.8,296,3845,220,4,2007,1,1
5097,312,6,94.0,0.0,4.6,513,3913,2178,0,2007,1,1
5098,4937,4,93.0,0.0,6.1,442,1918,1890,2,2007,1,5
5101,5553,6,160.0,0.0,7.5,111,195,279,3,2007,1,1
5105,5989,5,113.0,0.0,6.1,455,705,1983,1,2007,1,1
5106,4719,5,91.0,0.0,6.2,316,1896,1025,0,2007,1,1
5108,6975,6,92.0,0.0,7.2,2005,3076,1401,11,2008,1,5
5109,1823,5,86.0,0.0,2.4,1208,1837,1387,1,2007,1,6
5110,3588,1,95.0,0.0,6.8,2616,2198,526,2,2007,1,1
5114,1144,6,102.0,0.0,7.0,1986,15,2643,3,2007,1,1
5119,349,4,92.0,0.0,5.2,2755,2211,1104,2,2007,1,1
5121,7299,6,96.0,0.0,6.8,1139,2298,1253,4,2007,1,1
5122,3901,4,124.0,0.0,6.5,1460,2707,1981,0,2007,1,1
5125,5956,4,110.0,0.0,6.1,133,3134,673,4,2007,1,1
5132,7453,5,100.0,0.0,5.8,2871,483,2613,0,2007,1,1
5135,3281,4,165.0,0.0,8.4,2,161,551,7,2007,1,1
5142,4570,6,102.0,0.0,6.7,2725,2069,1228,5,2008,1,1
5146,4915,6,86.0,0.0,6.6,1903,2912,464,0,2007,1,1
5153,4658,6,99.0,0.0,6.2,1000,1517,1870,0,2007,1,1
5164,4906,6,97.0,0.0,7.7,1464,2216,2688,7,2009,1,1
5166,5381,5,108.0,0.0,6.2,1338,622,83,4,2007,1,1
5178,4755,3,97.0,0.0,5.8,2791,1641,1365,7,2008,1,1
5180,6834,4,112.0,0.0,6.4,1222,3651,741,1,2007,1,1
5182,5827,5,112.0,0.0,8.0,1530,3733,1767,3,2008,1,1
5184,3515,6,91.0,0.0,6.0,2067,3170,1983,4,2008,1,1
5200,2695,6,105.0,0.0,3.6,451,1891,1604,5,2007,1,6
5201,3785,1,93.0,0.0,6.2,2944,4517,1944,4,2007,1,5
5202,4618,6,97.0,0.0,4.9,2537,3888,1661,0,2007,1,1
5211,6154,5,102.0,0.0,6.2,654,3008,1379,5,2007,1,1
5213,6223,5,101.0,0.0,5.4,745,1973,468,0,2007,1,1
5215,1853,5,98.0,0.0,7.7,1849,1625,1800,2,2007,1,1
5216,3721,6,126.0,0.0,7.2,2540,297,2542,0,2008,1,1
5224,2966,6,106.0,0.0,5.9,963,945,2320,7,2007,1,5
5226,4556,6,122.0,0.0,6.8,930,2385,2176,7,2007,1,1
5234,5248,5,115.0,0.0,5.4,2695,3586,474,7,2007,1,5
5249,7086,6,107.0,0.0,7.0,225,2339,220,0,2008,1,1
5250,5226,6,98.0,0.0,6.9,17,4430,2771,4,2008,1,1
5255,5404,5,90.0,0.0,7.8,2244,2631,1585,0,2009,1,1
5257,7311,6,110.0,0.0,6.7,2766,2897,126,0,2008,1,1
5262,2088,6,111.0,0.0,7.1,2036,1846,1501,4,2008,1,1
5266,4862,6,145.0,0.0,5.6,1935,2970,2347,4,2008,1,1
5268,6086,5,97.0,0.0,5.5,886,2353,133,4,2008,1,5
5270,2321,6,116.0,0.0,8.1,504,3149,463,7,2009,1,1
5273,6117,6,131.0,0.0,7.5,1565,2722,1176,7,2009,1,1
5275,1761,6,91.0,0.0,6.8,1186,1805,1449,11,2008,1,1
5280,1740,5,118.0,0.0,6.6,536,2104,2435,0,2008,1,1
5286,2394,5,92.0,0.0,6.4,2177,4381,2776,0,2008,1,5
5290,4856,6,109.0,0.0,6.5,2527,3875,1336,4,2008,1,1
5293,4285,6,111.0,0.0,6.9,614,3903,2395,0,2008,1,1
5296,44,5,111.0,0.0,6.1,152,139,1414,4,2008,1,1
5298,4660,6,99.0,0.0,6.8,666,4212,2074,4,2008,1,6
5299,1544,6,137.0,0.0,7.2,779,763,523,0,2009,1,5
5305,7550,5,104.0,0.0,6.8,2225,3133,1207,4,2008,1,1
5312,5573,6,111.0,0.0,7.2,2428,1087,1116,5,2008,1,5
5320,2067,5,112.0,0.0,5.7,137,2081,1782,0,2008,1,1
5322,3939,5,90.0,0.0,6.6,2216,2605,1831,4,2008,1,1
5329,6708,5,103.0,0.0,4.8,870,1364,833,0,2008,1,1
5330,2230,5,102.0,0.0,6.7,626,964,2209,4,2008,1,1
5337,4769,6,92.0,0.0,5.8,617,3252,2368,5,2008,1,1
5341,6880,5,114.0,0.0,5.0,707,1082,1796,4,2008,1,5
5345,8,5,109.0,0.0,5.1,2435,3715,333,0,2008,1,1
5347,1706,5,110.0,0.0,5.7,2652,2465,2031,0,2008,1,1
5348,3451,5,101.0,0.0,5.9,2162,48,2050,4,2008,1,1
5357,4522,6,148.0,0.0,7.4,1449,2188,2668,0,2009,1,1
5364,4611,6,101.0,0.0,6.0,1451,3776,2227,5,2008,1,5
5366,3589,5,87.0,0.0,2.8,1208,1837,2382,4,2008,1,6
5368,3671,6,110.0,0.0,6.1,75,125,1475,11,2008,1,5
5381,5848,6,110.0,0.0,6.2,1414,3914,1437,3,2008,1,1
5389,1183,6,110.0,0.0,7.0,2248,3090,1132,0,2008,1,1
5390,3075,6,95.0,0.0,6.0,1413,1639,2602,0,2008,1,1
5392,4213,5,93.0,0.0,5.9,2422,3740,141,15,2008,1,5
5393,4938,5,85.0,0.0,5.2,1850,2651,1337,11,2008,1,1
5395,2221,3,186.0,0.0,7.3,1,3425,4,0,2008,1,1
5399,6140,6,98.0,0.0,5.0,1005,501,252,5,2009,1,1
5410,3932,6,103.0,0.0,6.2,716,1652,2435,4,2009,1,1
5416,7309,6,90.0,0.0,8.0,175,291,164,2,2008,1,1
5420,5686,6,107.0,0.0,6.8,1017,1536,382,5,2009,1,5
5421,957,5,133.0,0.0,6.7,1529,191,1778,7,2008,1,1
5424,4221,6,95.0,0.0,6.0,1763,2759,82,5,2008,1,1
5434,2744,4,87.0,0.0,6.0,2823,692,1260,2,2008,1,1
5436,1032,4,88.0,0.0,6.4,2605,3991,2481,4,2008,1,1
5439,5345,6,85.0,0.0,4.7,2475,3798,1782,4,2008,1,5
5440,3184,5,93.0,0.0,6.6,1348,2040,671,7,2009,1,1
5442,5888,5,111.0,0.0,5.8,2842,4337,1422,7,2008,1,1
5445,5180,5,127.0,0.0,7.9,1119,3675,417,0,2009,1,1
5446,537,5,162.0,0.0,7.8,1151,1755,2323,0,2009,1,1
5447,2922,6,102.0,0.0,5.3,1561,1079,1798,4,2009,1,1
5448,7330,6,162.0,0.0,7.6,2945,955,1026,0,2009,1,1
5456,5213,5,127.0,0.0,7.1,1606,2841,2291,5,2009,1,6
5470,7211,6,109.0,0.0,7.4,1211,4400,859,4,2009,1,1
5476,1332,4,100.0,0.0,7.7,1064,1618,504,2,2009,1,1
5477,3737,6,97.0,0.0,7.8,760,1154,2320,7,2009,1,6
5483,3789,6,141.0,0.0,7.8,1131,1738,1091,7,2013,1,1
5488,1636,3,97.0,0.0,7.2,2935,1212,448,7,2009,1,5
5489,431,5,138.0,0.0,6.7,2440,964,2643,0,2009,1,1
5493,4181,6,108.0,0.0,6.7,456,4322,614,0,2009,1,1
5503,5092,6,101.0,0.0,5.1,2668,2284,302,11,2009,1,1
5505,6124,5,123.0,0.0,6.8,2726,4159,444,1,2010,1,5
5512,179,6,98.0,0.0,6.5,663,1017,1900,7,2009,1,1
5513,2843,5,134.0,0.0,7.3,504,280,1923,3,2009,1,1
5514,3760,6,129.0,0.0,7.8,299,476,989,5,2009,1,1
5515,6795,6,96.0,0.0,6.4,2390,3156,1414,4,2009,1,1
5519,1893,6,92.0,0.0,6.1,1979,3020,1094,4,2009,1,1
5520,5728,6,90.0,0.0,6.4,1775,3252,1335,11,2009,1,1
5521,3969,6,99.0,0.0,6.3,1176,2844,2148,0,2009,1,5
5527,1692,4,85.0,0.0,2.5,1187,383,1379,0,2009,1,5
5535,279,6,127.0,0.0,7.2,60,102,2142,1,2009,1,1
5536,6171,6,96.0,0.0,6.4,699,3471,604,4,2010,1,5
5545,2985,5,123.0,0.0,7.0,2072,3175,92,3,2009,1,1
5549,6895,4,105.0,0.0,7.3,1234,2315,736,3,2010,1,1
5551,186,6,155.0,0.0,7.9,1134,4180,2543,5,2010,1,1
5552,3865,5,109.0,0.0,7.4,2038,1944,331,7,2009,1,6
5557,4770,6,90.0,0.0,6.0,1601,3252,2629,11,2009,1,5
5559,4434,5,111.0,0.0,6.1,2151,920,333,0,2009,1,1
5564,5656,5,115.0,0.0,5.6,2309,3530,331,7,2009,1,1
5567,2699,5,102.0,0.0,5.3,434,2492,941,4,2009,1,1
5569,6920,6,134.0,0.0,7.1,2106,4537,1391,7,2009,1,1
5584,6853,6,144.0,0.0,7.8,1915,2932,426,7,2010,1,1
5587,2401,1,102.0,0.0,4.6,2182,822,1899,4,2009,1,1
5590,13,5,108.0,0.0,5.6,2289,860,1257,0,2009,1,1
5591,5349,6,90.0,0.0,4.9,947,1435,42,4,2010,1,1
5596,513,4,94.0,0.0,6.3,601,3202,823,2,2009,1,1
5598,3858,5,95.0,0.0,5.9,736,3027,1968,4,2009,1,1
5599,2174,4,88.0,0.0,5.1,1085,781,2769,2,2009,1,1
5602,3386,5,109.0,0.0,5.7,311,494,1150,7,2009,1,1
5603,5971,6,147.0,0.0,7.3,560,2218,1852,5,2010,1,1
5607,2431,6,103.0,0.0,7.2,563,1413,1829,0,2010,1,1
5614,3452,5,103.0,0.0,4.5,2842,4337,2698,4,2009,1,6
5616,4971,6,96.0,0.0,7.6,388,605,2078,1,2009,1,5
5621,6367,6,113.0,0.0,7.1,2090,105,214,7,2009,1,1
5622,780,6,109.0,0.0,4.5,2332,3555,1358,0,2009,1,1
5629,5820,6,100.0,0.0,6.7,1113,1702,850,5,2010,1,6
5632,1202,5,109.0,0.0,5.8,2163,3312,412,0,2009,1,1
5633,311,4,86.0,0.0,5.4,1437,2729,177,1,2009,1,5
5635,1452,3,90.0,0.0,6.1,1958,3002,548,7,2010,1,1
5637,1986,5,105.0,0.0,5.6,717,3649,370,0,2009,1,1
5646,4939,6,138.0,0.0,8.2,1838,2480,1570,14,2010,1,1
5647,4797,5,112.0,0.0,7.5,774,2888,1831,0,2010,1,1
5652,6776,6,125.0,0.0,7.5,220,3346,210,5,2010,1,1
5654,2051,4,90.0,0.0,7.7,2353,3576,1681,4,2010,1,1
5656,4633,5,140.0,0.0,6.6,2336,520,2291,0,2010,1,1
5661,2707,6,108.0,0.0,6.3,2661,44,2345,11,2011,1,1
5662,6209,4,103.0,0.0,4.0,1740,2660,1993,0,2010,1,1
5664,5535,6,105.0,0.0,6.3,166,3755,859,5,2010,1,5
5665,2788,6,131.0,0.0,8.3,685,1052,1652,7,2011,1,5
5670,3377,6,112.0,0.0,6.7,779,653,1036,4,2010,1,1
5671,7095,5,110.0,0.0,7.6,814,2037,1133,7,2010,1,1
5678,3106,5,109.0,0.0,6.3,1173,3256,2638,0,2010,1,1
5683,5390,4,125.0,0.0,6.8,1500,1203,1133,0,2010,1,1
5687,6426,5,133.0,0.0,7.3,2145,3288,2291,0,2010,1,5
5692,5800,6,113.0,0.0,6.8,1413,2845,953,7,2011,1,1
5699,5498,5,117.0,0.0,6.7,1329,2019,1585,0,2010,1,1
5700,440,6,113.0,0.0,7.3,638,981,1053,5,2010,1,5
5703,1586,4,120.0,0.0,6.2,2747,1736,2813,2,2010,1,5
5705,4370,6,107.0,0.0,6.4,2063,113,22,0,2010,1,1
5707,3231,6,100.0,0.0,5.3,2523,3371,2059,0,2010,1,5
5709,2964,5,81.0,0.0,4.7,1313,2759,1325,0,2010,1,1
5723,1948,6,98.0,0.0,6.4,967,4301,673,0,2010,1,1
5725,2874,5,101.0,0.0,7.1,148,250,1436,4,2010,1,5
5726,5762,6,101.0,0.0,6.5,312,3854,2144,11,2010,1,5
5737,6621,6,106.0,0.0,6.5,845,1331,1504,3,2010,1,1
5740,2156,6,93.0,0.0,6.1,16,31,2424,1,2010,1,1
5741,734,6,110.0,0.0,6.0,2100,3221,772,11,2011,1,5
5743,5000,5,92.0,0.0,4.4,513,2285,752,0,2010,1,5
5746,6330,6,119.0,0.0,7.8,1268,1935,2791,0,2010,1,1
5748,7082,5,103.0,0.0,7.0,131,221,2027,7,2010,1,5
5750,3249,4,105.0,0.0,6.5,928,2258,86,1,2010,1,5
5768,4690,6,82.0,0.0,5.8,2253,3432,2493,4,2010,1,1
5770,7556,4,105.0,0.0,5.8,133,3058,1501,4,2010,1,1
5774,3890,4,109.0,0.0,6.1,2689,1251,746,4,2010,1,6
5776,7458,5,98.0,0.0,6.8,1479,2636,245,0,2010,1,1
5777,7395,5,91.0,0.0,5.6,1819,932,1501,4,2010,1,1
5788,6851,6,112.0,0.0,7.1,1655,2500,2142,3,2011,1,1
5790,7125,6,93.0,0.0,5.6,1350,2251,365,0,2010,1,1
5798,3861,5,165.0,0.0,8.0,1558,3929,2400,7,2010,1,1
5800,5737,6,104.0,0.0,6.7,1446,2185,210,7,2011,1,5
5802,4194,6,91.0,0.0,5.7,2769,2975,1424,11,2010,1,1
5806,5249,6,105.0,0.0,5.4,1373,242,697,7,2010,1,1
5807,7438,5,121.0,0.0,4.7,2842,4337,1087,4,2010,1,5
5813,5569,5,104.0,0.0,5.4,50,2365,1158,4,2010,1,5
5814,7373,4,111.0,0.0,6.4,542,742,1471,7,2010,1,5
5817,1339,5,117.0,0.0,6.3,2550,3907,841,7,2011,1,1
5818,3319,3,154.0,0.0,7.1,1016,1534,818,4,2010,1,5
5819,1143,5,99.0,0.0,6.4,357,795,2807,7,2010,1,1
5821,5170,6,98.0,0.0,6.5,1306,3141,476,7,2011,1,1
5822,7247,6,92.0,0.0,4.9,302,277,940,11,2011,1,1
5836,2519,6,106.0,0.0,7.0,2585,3964,1322,7,2011,1,1
5839,3391,6,117.0,0.0,5.6,2713,2751,953,3,2011,1,1
5843,1871,6,97.0,0.0,6.4,557,839,2771,7,2011,1,1
5845,6934,5,115.0,0.0,7.0,1589,321,408,0,2011,1,1
5849,1944,5,130.0,0.0,7.3,1548,694,2729,0,2011,1,5
5860,3984,6,108.0,0.0,6.2,1111,1233,1944,4,2011,1,1
5865,2144,6,109.0,0.0,6.5,2889,2383,1896,4,2011,1,1
5866,2749,6,110.0,0.0,6.0,2710,657,958,0,2011,1,1
5873,4880,2,101.0,0.0,7.2,2644,4046,1839,7,2012,1,1
5874,3692,5,132.0,0.0,7.4,303,546,2638,0,2011,1,5
5875,5325,5,112.0,0.0,7.0,1119,1716,721,14,2011,1,1
5880,1345,5,119.0,0.0,6.0,1453,3675,523,0,2011,1,1
5884,1091,1,106.0,0.0,6.1,1408,2131,2031,2,2011,1,5
5894,5011,3,101.0,0.0,5.3,1528,2312,737,7,2011,1,1
5895,7033,5,104.0,0.0,6.2,316,27,687,0,2011,1,1
5899,7576,6,102.0,0.0,5.5,614,881,544,1,2011,1,1
5904,195,5,123.0,0.0,8.3,190,317,2081,7,2011,1,1
5923,1994,6,92.0,0.0,5.8,2660,1266,1969,0,2011,1,1
5930,1709,6,104.0,0.0,5.4,2124,4232,1981,0,2011,1,1
5941,636,5,116.0,0.0,5.7,1478,715,5,0,2011,1,1
5943,3067,6,116.0,0.0,6.4,918,2831,1116,0,2011,1,5
5945,2877,6,137.0,0.0,6.5,504,1158,1570,3,2011,1,5
5948,112,6,99.0,0.0,6.4,605,725,1839,3,2011,1,1
5957,6692,3,119.0,0.0,6.6,1547,3916,1655,3,2011,1,1
5959,6100,3,91.0,0.0,3.8,2803,4283,1551,11,2011,1,1
5965,3061,3,95.0,0.0,6.4,226,385,1963,0,2011,1,1
5967,524,6,88.0,0.0,6.7,1332,2022,1252,0,2011,1,5
5968,6029,6,96.0,0.0,7.3,1417,2142,291,4,2011,1,1
5978,648,5,86.0,0.0,5.6,564,849,55,7,2011,1,1
5988,5845,5,114.0,0.0,6.2,1606,1939,370,0,2011,1,1
5990,5165,4,89.0,0.0,3.5,2397,3661,1191,2,2011,1,6
5994,4744,5,107.0,0.0,6.8,1656,3942,781,4,2012,1,1
6005,7352,3,97.0,0.0,7.6,115,198,2639,7,2011,1,1
6008,5620,4,100.0,0.0,6.2,612,1646,2031,4,2011,1,5
6020,5402,6,116.0,0.0,6.6,2505,3833,1880,4,2012,1,1
6024,2932,6,146.0,0.0,7.6,2933,1609,423,7,2011,1,1
6034,5588,5,91.0,0.0,6.6,1324,2475,1806,7,2011,1,5
6038,4652,3,159.0,0.0,7.7,1099,1675,2155,7,2011,1,1
6039,756,5,107.0,0.0,4.4,1447,2839,1746,0,2011,1,5
6042,5819,5,111.0,0.0,5.3,2440,146,2730,4,2011,1,5
6048,5786,5,164.0,0.0,8.4,481,2239,423,0,2012,1,1
6054,6128,5,114.0,0.0,7.6,1115,3897,1936,7,2013,1,1
6056,6791,5,115.0,0.0,5.5,250,2878,1504,1,2012,1,5
6058,7588,6,157.0,0.0,7.4,1565,2722,1194,7,2013,1,1
6059,1244,6,172.0,0.0,7.4,2806,983,2643,0,2012,1,1
6060,4999,5,143.0,0.0,7.7,2485,3101,523,0,2012,1,1
6061,6496,5,103.0,0.0,7.9,2603,3989,1619,7,2012,1,1
6066,6348,6,138.0,0.0,7.2,2158,3307,2118,7,2012,1,1
6068,3073,6,97.0,0.0,6.2,111,195,279,5,2012,1,1
6069,2046,6,138.0,0.0,7.3,2407,2102,615,7,2012,1,1
6071,5446,6,106.0,0.0,6.9,2545,3901,1731,4,2012,1,5
6079,1460,5,113.0,0.0,6.2,2753,3898,1293,4,2012,1,1
6090,3359,3,109.0,0.0,7.1,394,611,2355,7,2012,1,1
6093,7524,4,101.0,0.0,7.7,2293,3508,1253,2,2012,1,1
6098,4756,6,131.0,0.0,6.5,2082,3913,10,5,2012,1,5
6105,4645,5,123.0,0.0,5.9,21,2339,1364,4,2012,1,5
6108,5872,6,103.0,0.0,6.6,2579,3550,2535,0,2012,1,1
6109,4739,6,86.0,0.0,7.0,514,1068,183,4,2012,1,1
6110,1193,5,84.0,0.0,7.0,1511,2858,519,1,2012,1,1
6113,7523,5,99.0,0.0,5.7,1478,834,2323,0,2012,1,1
6116,3494,5,102.0,0.0,6.6,189,3212,2323,0,2012,1,1
6127,6660,6,95.0,0.0,7.2,223,382,1269,3,2012,1,1
6131,6818,5,104.0,0.0,6.8,1948,18,2138,7,2012,1,1
6132,5405,5,92.0,0.0,6.3,2086,2631,1585,0,2012,1,1
6140,1004,6,92.0,0.0,5.7,2873,105,2535,0,2013,1,1
6144,2728,4,88.0,0.0,6.5,2643,2891,2163,2,2012,1,6
6155,6521,5,92.0,0.0,5.9,2079,2320,1946,11,2012,1,6
6165,2946,6,99.0,0.0,6.4,726,1104,389,4,2012,1,1
6172,6337,6,95.0,0.0,5.4,2257,3441,2291,0,2012,1,1
6178,5174,6,95.0,0.0,6.5,843,3171,35,4,2013,1,5
6183,5482,6,112.0,0.0,6.4,2674,4083,1729,4,2013,1,1
6185,5538,6,101.0,0.0,7.0,1582,3296,2060,4,2012,1,1
6186,7197,6,114.0,0.0,5.0,1402,2117,1128,0,2012,1,1
6189,4538,5,125.0,0.0,5.9,158,2161,491,0,2012,1,5
6192,5546,5,82.0,0.0,4.1,2774,4237,174,11,2012,1,1
6195,1153,4,116.0,0.0,7.1,1889,2357,1316,3,2012,1,5
6197,566,6,87.0,0.0,5.3,1687,2568,1489,4,2012,1,1
6209,7214,5,109.0,0.0,6.4,1524,2296,1212,7,2013,1,1
6212,4374,5,91.0,0.0,6.5,626,964,1322,0,2012,1,1
6221,4243,5,114.0,0.0,7.1,70,111,417,4,2012,1,1
6229,216,5,91.0,0.0,5.9,329,4043,687,4,2012,1,1
6231,1840,4,89.0,0.0,5.9,365,449,290,2,2013,1,5
6235,2077,6,85.0,0.0,6.0,1193,2374,165,4,2012,1,1
6238,5809,6,83.0,0.0,4.2,2898,4444,798,11,2012,1,1
6240,2163,5,86.0,0.0,5.4,1510,2861,2724,1,2012,1,1
6245,2854,5,130.0,0.0,7.1,2552,1149,2228,0,2013,1,1
6246,5743,6,112.0,0.0,7.5,1184,623,2056,11,2013,1,1
6249,6553,6,85.0,0.0,5.7,1154,1762,770,11,2013,1,6
6250,2354,5,101.0,0.0,5.4,688,1379,17,4,2013,1,1
6252,2327,5,91.0,0.0,7.7,78,128,2337,7,2013,1,5
6254,6069,5,161.0,0.0,7.8,2198,1336,993,1,2013,1,6
6255,3490,5,143.0,0.0,7.0,2945,1000,958,0,2013,1,5
6256,7173,6,108.0,0.0,6.3,1472,4396,2357,7,2014,1,5
6257,856,2,180.0,0.0,7.7,9,19,1672,7,2013,1,1
6260,5054,6,126.0,0.0,7.1,299,1744,406,0,2014,1,6
6265,368,6,138.0,0.0,7.2,645,1278,423,5,2013,1,1
6268,3733,1,104.0,0.0,7.2,558,840,255,2,2013,1,5
6284,5765,4,98.0,0.0,7.2,1623,698,1981,2,2013,1,5
6291,1874,6,91.0,0.0,6.5,833,1322,1083,11,2013,1,6
6292,7417,5,131.0,0.0,6.3,2435,1802,370,0,2013,1,1
6294,4061,6,119.0,0.0,6.5,165,800,871,0,2013,1,1
6300,1269,3,89.0,0.0,7.2,1185,1804,734,7,2014,1,1
6302,419,5,119.0,0.0,6.3,17,4430,2771,4,2013,1,1
6305,6392,5,130.0,0.0,5.9,1043,1968,1591,0,2013,1,6
6307,4605,6,119.0,0.0,6.4,663,1017,2729,0,2013,1,6
6308,127,6,98.0,0.0,5.3,1419,3955,316,0,2013,1,1
6309,1835,6,115.0,0.0,6.7,1969,3039,2535,0,2013,1,1
6313,71,5,128.0,0.0,6.3,375,694,1432,0,2013,1,1
6317,4246,4,106.0,0.0,5.8,2747,2685,1619,1,2013,1,1
6319,4026,3,124.0,0.0,6.7,1654,2499,385,7,2014,1,1
6323,3329,6,85.0,0.0,7.1,2658,4063,2644,7,2014,1,5
6331,5692,6,94.0,0.0,6.7,302,3520,925,5,2013,1,5
6343,4945,6,106.0,0.0,7.1,2665,3872,2269,5,2013,1,5
6344,6055,6,117.0,0.0,6.6,2139,2375,2337,0,2013,1,1
6347,693,4,100.0,0.0,7.3,95,3046,908,3,2014,1,1
6350,3221,5,132.0,0.0,7.2,1670,884,807,3,2013,1,1
6351,4099,6,90.0,0.0,5.7,2050,3153,2296,0,2013,1,1
6357,66,5,128.0,0.0,7.5,323,520,368,3,2013,1,6
6363,4923,6,96.0,0.0,8.0,704,1077,304,7,2013,1,1
6365,5638,5,131.0,0.0,7.5,328,2780,2467,7,2013,1,5
6367,3401,6,93.0,0.0,6.2,2345,223,86,3,2013,1,1
6369,5885,6,111.0,0.0,6.3,1715,2631,2227,4,2013,1,5
6370,6865,5,126.0,0.0,7.8,1055,1596,962,2,2014,1,1
6371,3267,6,98.0,0.0,5.8,573,869,1150,4,2014,1,1
6376,2355,5,113.0,0.0,6.4,2214,4202,2227,4,2013,1,1
6377,4306,4,91.0,0.0,5.7,1628,2131,339,2,2013,1,1
6384,6197,6,95.0,0.0,7.1,1492,684,1976,1,2013,1,1
6394,6005,5,130.0,0.0,6.6,1557,2347,2668,0,2013,1,5
6395,6130,5,100.0,0.0,5.9,732,2226,2498,4,2013,1,1
6399,5048,5,112.0,0.0,6.4,2292,2330,673,0,2013,1,5
6401,3194,5,105.0,0.0,6.6,1460,824,2227,4,2013,1,1
6403,4178,6,100.0,0.0,6.2,970,1473,743,7,2014,1,6
6408,1851,5,90.0,0.0,6.4,2538,3392,2417,0,2013,1,1
6410,2692,6,97.0,0.0,5.7,555,835,2277,4,2013,1,1
6411,5207,3,106.0,0.0,7.4,635,2221,1021,5,2014,1,1
6413,6137,6,108.0,0.0,7.5,967,2987,2454,7,2013,1,5
6414,4673,5,118.0,0.0,5.8,379,311,920,7,2013,1,1
6415,4712,6,88.0,0.0,5.6,304,524,210,5,2013,1,5
6417,6749,4,137.0,0.0,8.0,1107,1694,399,2,2013,1,1
6419,7547,3,160.0,0.0,7.2,201,1661,2155,7,2013,1,1
6430,5742,3,122.0,0.0,6.5,175,3976,2250,2,2014,1,5
6432,2733,5,82.0,0.0,7.4,2164,3318,25,7,2013,1,1
6437,282,6,96.0,0.0,6.4,633,973,2269,5,2013,1,1
6440,6313,4,104.0,0.0,7.8,2341,3567,1004,7,2013,1,1
6442,1141,6,103.0,0.0,6.4,890,2822,2435,0,2013,1,1
6450,6003,6,99.0,0.0,8.1,2882,3981,2152,1,2014,1,1
6451,7409,6,106.0,0.0,8.5,546,816,1898,7,2014,1,1
6455,3957,6,117.0,0.0,7.8,552,826,1036,5,2014,1,1
6456,6068,5,144.0,0.0,7.4,2198,1336,993,1,2014,1,6
6457,5862,6,132.0,0.0,7.2,165,3550,615,0,2014,1,1
6458,6357,5,113.0,0.0,6.8,2883,3172,676,0,2014,1,1
6462,6125,5,114.0,0.0,8.0,2000,1503,222,3,2014,1,1
6469,825,5,117.0,0.0,6.5,863,1699,17,4,2014,1,1
6479,5534,5,142.0,0.0,6.6,1764,111,108,0,2014,1,5
6480,3476,4,97.0,0.0,7.0,2400,2581,126,0,2014,1,5
6483,6252,4,100.0,0.0,7.7,477,3389,418,2,2014,1,1
6486,3950,4,98.0,0.0,6.2,2557,951,220,1,2014,1,1
6487,5895,5,126.0,0.0,7.7,1505,3860,2403,7,2014,1,1
6488,499,6,93.0,0.0,6.2,1379,2095,2088,11,2014,1,1
6495,7056,5,165.0,0.0,5.6,1891,1213,1731,0,2014,1,1
6499,4858,6,94.0,0.0,5.1,1139,2365,1115,4,2014,1,1
6501,7457,6,122.0,0.0,8.1,548,1470,554,4,2014,1,1
6503,2099,6,134.0,0.0,7.0,230,1165,2498,3,2015,1,1
6512,6390,5,118.0,0.0,6.1,951,1440,859,4,2014,1,1
6514,1728,5,109.0,0.0,5.6,296,3875,1207,4,2014,1,1
6518,223,6,114.0,0.0,6.5,2514,2520,1585,0,2014,1,5
6519,3910,5,132.0,0.0,6.4,2525,1445,7,0,2014,1,1
6534,5473,5,129.0,0.0,7.3,1168,4354,74,3,2015,1,5
6540,7193,6,83.0,0.0,5.5,1688,3116,948,11,2015,1,5
6546,5996,5,110.0,0.0,7.4,2238,2701,2176,3,2014,1,1
6547,1549,6,118.0,0.0,6.2,2512,3850,753,0,2014,1,6
6551,3063,6,90.0,0.0,5.9,1633,1790,2448,0,2015,1,1
6552,4606,5,99.0,0.0,6.2,2764,1510,995,0,2014,1,1
6563,1249,6,100.0,0.0,5.7,1461,721,120,11,2016,1,1
6564,6674,5,97.0,0.0,6.1,2900,591,292,7,2014,1,1
6569,4895,6,93.0,0.0,6.1,2179,2626,1000,4,2015,1,5
6572,50,5,117.0,0.0,6.2,1875,49,1466,0,2014,1,5
6574,3376,5,121.0,0.0,7.4,263,3200,1260,3,2015,1,1
6575,747,5,106.0,0.0,7.0,2753,3846,92,3,2014,1,1
6581,6455,6,91.0,0.0,7.1,422,2332,1723,4,2014,1,5
6588,1042,6,102.0,0.0,6.4,564,3259,1150,7,2015,1,1
6591,7143,6,86.0,0.0,6.4,1873,2745,1898,4,2014,1,1
6598,3066,6,112.0,0.0,6.9,1902,3359,1176,3,2014,1,5
6602,7486,5,118.0,0.0,6.2,35,61,467,7,2014,1,1
6605,5422,6,97.0,0.0,4.9,222,2876,1814,4,2014,1,1
6608,6615,6,103.0,0.0,6.4,638,981,913,0,2014,1,1
6612,3461,5,97.0,0.0,6.5,2922,4498,468,4,2014,1,5
6613,5083,4,93.0,0.0,8.1,2809,4428,584,2,2015,1,1
6616,7592,6,77.0,0.0,4.8,1490,63,2139,0,2015,1,5
6624,2106,6,95.0,0.0,7.0,1680,2208,1839,4,2014,1,1
6625,2215,5,139.0,0.0,6.9,2711,1973,368,3,2014,1,1
6626,5301,5,106.0,0.0,6.9,2503,23,334,7,2015,1,1
6628,2476,4,99.0,0.0,5.8,2278,3465,899,3,2014,1,1
6632,1511,6,108.0,0.0,6.1,1550,2338,2696,4,2014,1,1
6636,6182,6,95.0,0.0,6.0,563,2311,306,7,2015,1,5
6643,3162,6,99.0,0.0,6.4,1735,184,1437,4,2014,1,1
6646,1376,6,119.0,0.0,6.5,1018,1538,1824,7,2015,1,5
6650,1984,6,125.0,0.0,4.1,2490,2387,505,7,2015,1,5
6652,6870,6,92.0,0.0,6.9,2374,3612,162,7,2016,1,1
6657,4681,6,118.0,0.0,8.1,1680,1248,304,7,2016,1,1
6661,6332,5,116.0,0.0,7.3,1026,1548,958,0,2015,1,1
6673,6145,5,121.0,0.0,7.1,2010,3083,2227,4,2015,1,1
6679,3693,5,131.0,0.0,7.4,476,546,2638,0,2015,1,5
6682,1365,5,133.0,0.0,7.6,2466,3785,1826,7,2015,1,1
6683,5525,5,112.0,0.0,7.2,1675,1706,261,7,2015,1,5
6685,2063,6,105.0,0.0,6.6,983,1488,2776,4,2015,1,1
6687,3002,5,127.0,0.0,5.3,1643,2577,370,0,2015,1,1
6688,2705,6,123.0,0.0,5.8,1757,2682,2645,3,2016,1,1
6695,5781,6,119.0,0.0,7.1,2790,2636,688,3,2016,1,5
6697,5259,6,147.0,0.0,7.8,826,2231,2004,3,2015,1,1
6714,2551,6,96.0,0.0,5.7,63,3955,2289,0,2015,1,5
6716,5234,6,122.0,0.0,7.2,578,15,1839,3,2015,1,1
6721,984,5,117.0,0.0,7.5,1372,3145,2339,7,2015,1,5
6722,7580,6,124.0,0.0,7.3,2102,3222,1829,4,2015,1,1
6723,4831,5,117.0,0.0,6.5,2710,4533,2302,0,2015,1,1
6730,4705,6,114.0,0.0,6.6,1216,485,1585,0,2015,1,5
6732,3460,6,115.0,0.0,5.6,1008,3491,370,4,2015,1,1
6734,7103,6,124.0,0.0,7.5,1221,2139,320,3,2015,1,1
6741,2307,4,103.0,0.0,6.3,2347,894,1016,1,2015,1,1
6742,341,5,105.0,0.0,5.4,368,575,281,4,2015,1,1
6745,6846,6,101.0,0.0,6.6,1271,1941,1468,4,2015,1,5
6746,4985,6,118.0,0.0,6.0,1210,3316,97,4,2015,1,1
6750,4185,5,109.0,0.0,6.2,1140,3860,1942,1,2015,1,6
6766,5318,3,105.0,0.0,6.7,396,613,497,7,2015,1,1
6771,523,3,98.0,0.0,5.0,2564,1562,938,0,2015,1,1
6774,1902,6,102.0,0.0,7.3,930,1547,953,0,2016,1,1
6776,7113,6,105.0,0.0,6.2,2534,3884,2170,4,2016,1,1
6783,1025,6,122.0,0.0,5.3,144,240,279,7,2015,1,1
6788,4546,6,106.0,0.0,5.7,60,102,770,5,2015,1,1
6791,6782,5,96.0,0.0,5.2,369,27,682,0,2015,1,5
6799,6314,3,92.0,0.0,6.3,30,3593,1737,7,2015,1,1
6807,6486,1,88.0,0.0,7.1,2643,797,1994,2,2015,1,1
6808,4646,6,106.0,0.0,5.5,210,3050,244,4,2015,1,1
6812,3396,5,107.0,0.0,5.8,1291,4071,2504,4,2015,1,1
6822,5857,6,106.0,0.0,7.3,1179,1121,1115,3,2015,1,1
6823,1326,6,88.0,0.0,6.3,1461,2212,1463,5,2015,1,1
6826,1121,11,122.0,0.0,6.8,173,288,1147,7,2015,1,6
6827,1074,5,97.0,0.0,5.4,1278,506,1409,0,2015,1,1
6846,6319,5,132.0,0.0,6.9,165,59,615,0,2016,1,1
6852,3566,5,106.0,0.0,7.4,2731,2197,731,7,2016,1,1
6862,5744,6,134.0,0.0,7.3,1184,623,2717,11,2016,1,1
6864,7600,4,108.0,0.0,8.0,361,567,880,2,2016,1,1
6868,19,6,144.0,0.0,7.3,1891,740,1272,0,2016,1,5
6869,3991,6,116.0,0.0,7.5,2784,4257,92,7,2016,1,1
6874,6427,6,116.0,0.0,7.4,2552,3909,2291,0,2016,1,5
6884,2523,4,127.0,0.0,7.8,2733,153,2558,3,2017,1,1
6890,5502,6,128.0,0.0,7.3,932,418,210,0,2016,1,1
6898,4952,6,161.0,0.0,7.2,1838,1854,108,7,2017,1,1
6907,4,5,103.0,0.0,7.2,559,2274,1267,0,2016,1,1
6908,6302,5,141.0,0.0,6.6,1164,1773,377,3,2017,1,1
6912,3583,6,94.0,0.0,4.8,695,1065,1888,4,2016,1,6
6921,1539,5,107.0,0.0,7.1,2177,2841,1731,0,2016,1,1
6926,6138,6,127.0,0.0,7.0,304,1237,320,3,2016,1,1
6928,111,6,146.0,0.0,6.4,991,2330,519,7,2017,1,1
6932,5496,5,112.0,0.0,5.2,1113,4107,399,0,2016,1,1
6934,335,5,120.0,0.0,5.7,2398,3172,2403,0,2016,1,1
6937,6013,5,103.0,0.0,5.9,2933,585,1770,0,2017,1,1
6939,588,6,100.0,0.0,6.2,1456,2207,1896,4,2016,1,1
6954,5455,5,112.0,0.0,6.0,594,2272,1798,0,2016,1,1
6956,1864,6,117.0,0.0,6.9,2314,3532,260,4,2016,1,1
6958,5910,5,117.0,0.0,6.8,526,3864,417,0,2016,1,5
6961,5593,6,89.0,0.0,6.1,1000,1775,1263,11,2017,1,1
6967,3916,5,96.0,0.0,6.5,1063,1969,743,0,2016,1,6
6968,3575,6,98.0,0.0,5.7,690,2575,1116,0,2016,1,1
6978,3913,6,92.0,0.0,5.7,2036,199,2395,4,2016,1,1
6980,2120,6,139.0,0.0,6.9,920,1407,1782,0,2016,1,1
6985,3044,6,100.0,0.0,6.3,2176,2252,1433,0,2016,1,1
6988,164,5,108.0,0.0,7.5,1115,3254,1580,1,2017,1,1
6992,816,6,89.0,0.0,5.0,23,3941,1041,11,2016,1,1
6994,2765,6,104.0,0.0,6.0,2749,4196,770,0,2016,1,5
6997,4698,5,127.0,0.0,5.7,2875,4404,1591,4,2016,1,1
6999,723,6,89.0,0.0,6.5,445,4519,2013,4,2017,1,1
7005,4132,5,99.0,0.0,6.1,1976,3018,719,7,2016,1,5
7019,824,6,117.0,0.0,6.8,227,386,1898,3,2016,1,5
7029,1558,5,109.0,0.0,6.7,1965,1040,2142,3,2016,1,5
7030,1088,3,98.0,0.0,6.7,2684,2348,207,4,2017,1,1
7033,7171,5,84.0,0.0,6.9,202,337,1938,7,2016,1,1
7034,4643,4,90.0,0.0,6.0,192,319,1670,2,2017,1,1
7040,1296,6,91.0,0.0,5.4,1512,2286,764,7,2016,1,1
7058,1733,5,106.0,0.0,7.8,481,735,802,0,2017,1,5
7059,1259,4,105.0,0.0,8.4,1676,2540,151,2,2017,1,5
7085,3332,5,118.0,0.0,7.0,2665,2305,370,4,2017,1,1
7088,7059,5,154.0,0.0,5.2,1891,309,1731,0,2017,1,5
7092,3710,6,140.0,0.0,7.4,6,15,1194,3,2018,1,5
7093,2601,6,134.0,0.0,7.2,2511,3849,2370,7,2018,1,1
7097,359,6,111.0,0.0,6.2,1902,4014,676,0,2017,1,5
7101,5799,6,107.0,0.0,7.2,181,301,2497,4,2018,1,1
7102,2242,5,101.0,0.0,7.6,1764,4256,406,7,2017,1,1
7104,6806,5,126.0,0.0,7.0,2023,2204,1468,4,2019,1,1
7107,369,6,115.0,0.0,7.2,746,1410,2638,0,2017,1,1
7108,7317,5,140.0,0.0,7.4,1856,2723,122,0,2017,1,1
7113,7605,5,107.0,0.0,5.2,536,3509,2729,0,2017,1,1
7120,6251,4,104.0,0.0,7.3,440,3898,2769,2,2017,1,1
7131,6523,5,116.0,0.0,7.2,2666,2593,1820,7,2018,1,1
7151,3412,5,94.0,0.0,7.8,741,1126,661,2,2017,1,1
7162,1433,5,100.0,0.0,6.0,2527,3875,2771,4,2017,1,1
7163,3519,5,103.0,0.0,6.4,2201,2739,1585,3,2017,1,1
7164,116,4,100.0,0.0,7.2,1656,4382,1327,1,2017,1,1
7166,6267,6,90.0,0.0,5.8,1243,1484,75,4,2017,1,1
7172,4405,6,108.0,0.0,7.1,143,237,1668,3,2017,1,1
7195,213,3,137.0,0.0,7.9,1089,4512,1391,0,2017,1,6
7198,5040,4,90.0,0.0,6.0,1573,3969,603,2,2017,1,1
7205,2027,6,91.0,0.0,5.6,2328,4350,995,4,2017,1,1
7216,2228,3,98.0,0.0,6.4,1270,1940,2330,7,2018,1,1
7219,5642,4,113.0,0.0,6.5,1105,1690,739,7,2018,1,1
7223,1073,4,89.0,0.0,6.2,660,3133,1468,2,2017,1,1
7228,2971,6,107.0,0.0,6.7,2508,3952,2059,7,2018,1,6
7231,549,3,143.0,0.0,7.4,2412,3679,1932,7,2017,1,5
7238,6813,3,124.0,0.0,6.7,363,566,1483,0,2017,1,6
7239,2656,6,102.0,0.0,5.7,1366,3401,721,4,2018,1,1
7245,540,5,149.0,0.0,8.4,163,731,2228,0,2018,1,1
7250,199,6,117.0,0.0,6.8,2139,885,134,4,2018,1,6
7256,2333,5,130.0,0.0,8.2,2187,3151,2727,3,2018,1,1
7257,1359,5,120.0,0.0,6.9,1457,3343,477,4,2018,1,1
7263,3637,5,91.0,0.0,6.6,2522,2409,208,7,2018,1,1
7264,7172,6,139.0,0.0,6.5,652,997,108,5,2019,1,1
7266,448,6,115.0,0.0,6.8,67,107,1944,1,2018,1,1
7270,1519,6,107.0,0.0,6.3,782,2019,316,0,2018,1,1
7279,4943,6,122.0,0.0,7.1,2598,4138,223,0,2018,1,5
7287,1142,6,110.0,0.0,5.9,1844,1539,928,3,2019,1,6
7290,5735,5,104.0,0.0,6.3,1216,569,1585,0,2018,1,1
7292,4528,6,101.0,0.0,6.4,2832,2583,1348,3,2019,1,1
7293,5395,6,100.0,0.0,6.5,1253,3574,1176,0,2018,1,5
7294,6047,5,133.0,0.0,7.5,967,326,87,5,2018,1,1
7295,594,6,141.0,0.0,7.1,756,1148,1133,5,2018,1,1
7297,1928,5,134.0,0.0,6.5,670,1718,688,1,2018,1,5
7298,2673,6,121.0,0.0,6.6,739,304,871,0,2018,1,1
7306,3532,4,130.0,0.0,6.7,2348,3210,736,4,2018,1,1
7307,3218,4,109.0,0.0,7.2,680,1042,2606,1,2018,1,5
7308,1011,5,114.0,0.0,6.7,2830,712,920,0,2018,1,1
7314,6712,6,117.0,0.0,6.1,2688,4105,1381,0,2018,1,5
7320,5975,6,115.0,0.0,6.1,833,966,458,0,2018,1,1
7323,2022,5,141.0,0.0,7.3,546,2283,2296,3,2018,1,1
7324,1366,5,130.0,0.0,7.1,2653,2304,1826,7,2018,1,1
7329,7446,6,129.0,0.0,6.9,2644,1480,2740,5,2018,1,5
7335,4244,6,101.0,0.0,6.5,2244,626,1155,0,2018,1,5
7338,4115,5,122.0,0.0,6.6,455,2842,2025,3,2018,1,1
7348,388,6,111.0,0.0,6.8,1141,485,2445,7,2019,1,1
7353,2560,5,90.0,0.0,3.8,813,1297,2771,4,2018,1,1
7356,7105,5,100.0,0.0,5.2,1255,2978,1660,11,2018,1,6
7358,516,5,111.0,0.0,6.9,1530,1873,2778,3,2019,1,1
7360,5315,3,105.0,0.0,6.7,879,2826,894,7,2018,1,1
7365,2613,6,123.0,0.0,7.6,160,2083,621,0,2019,1,1
7367,357,6,116.0,0.0,7.0,216,368,2469,3,2018,1,1
7374,6380,3,91.0,0.0,6.6,701,1074,399,7,2018,1,1
7377,1652,6,114.0,0.0,6.9,1021,2073,1228,3,2018,1,1
7381,2956,4,89.0,0.0,6.2,625,4448,2284,0,2018,1,1
7383,7464,5,105.0,0.0,6.8,2136,3273,681,7,2019,1,1
7386,4066,5,120.0,0.0,7.1,1991,871,795,3,2019,1,1
7392,903,6,110.0,0.0,7.0,81,2051,774,5,2018,1,1
7401,3357,6,118.0,0.0,6.6,1466,1059,2271,3,2019,1,1
7407,7456,6,101.0,0.0,7.2,2788,3158,1198,4,2019,1,5
7408,6522,6,86.0,0.0,5.2,713,534,2428,11,2018,1,1
7409,2738,6,119.0,0.0,7.1,209,351,1474,7,2018,1,1
7415,252,6,85.0,0.0,5.1,2758,2052,1294,4,2018,1,5
7418,3921,6,189.0,0.0,7.7,846,1332,2653,3,2018,1,5
7427,4172,3,164.0,0.0,7.0,2500,3427,600,7,2018,1,5
7432,6102,6,111.0,0.0,6.2,1620,2449,1188,7,2019,1,6
7435,3076,5,102.0,0.0,5.8,1467,2222,1930,0,2018,1,1
7439,6559,5,106.0,0.0,6.2,1356,2126,1510,0,2018,1,1
7459,5136,5,129.0,0.0,7.5,1461,692,2646,0,2019,1,1
7462,2865,6,169.0,0.0,6.5,135,4003,1194,7,2019,1,1
7470,7220,6,116.0,0.0,6.8,1489,2252,1671,11,2019,1,1
7471,4511,6,95.0,0.0,6.9,1854,1546,2327,0,2019,1,5
7473,5468,6,128.0,0.0,6.2,2760,1000,1602,0,2019,1,1
7474,1675,4,122.0,0.0,7.4,1907,2315,2480,7,2019,1,1
7475,2197,5,117.0,0.0,5.7,142,916,2776,0,2019,1,1
7484,2278,5,132.0,0.0,6.0,1905,2915,1518,0,2019,1,1
7486,2678,6,110.0,0.0,6.3,1710,2605,477,4,2019,1,1
7490,7594,6,99.0,0.0,6.7,2454,3505,2793,0,2019,1,1
7496,967,6,90.0,0.0,6.1,669,519,712,7,2019,1,1
7500,3428,6,99.0,0.0,5.6,2711,3873,2006,11,2019,1,5
7503,1356,6,87.0,0.0,6.1,75,2977,1431,0,2019,1,6
7509,97,4,109.0,0.0,7.3,1783,2884,2643,3,2019,1,5
7510,2659,4,104.0,0.0,7.5,674,1030,1120,2,2019,1,5
7511,4327,4,104.0,0.0,6.6,2347,831,2302,0,2019,1,1
7513,3477,4,119.0,0.0,6.6,1316,2581,126,1,2019,1,1
7515,6647,4,86.0,0.0,6.5,446,525,2058,2,2019,1,1
7519,6151,5,102.0,0.0,5.6,695,972,1838,18,2019,1,1
7524,5550,6,104.0,0.0,6.6,2337,3565,1188,0,2019,1,1
7528,5379,6,88.0,0.0,6.3,1735,2655,1696,4,2019,1,1
7532,6698,6,120.0,0.0,6.4,1321,2011,1965,7,2019,1,1
7538,5580,6,95.0,0.0,5.5,1046,1579,1782,4,2019,1,1
7540,1052,3,94.0,0.0,5.3,783,3356,62,4,2019,1,1
7542,5549,4,109.0,0.0,7.6,2573,2723,1466,4,2019,1,1
7545,2847,3,107.0,0.0,7.0,2915,1194,656,0,2019,1,1
7558,3675,5,104.0,0.0,5.8,397,1388,879,0,2019,1,1
7563,5890,6,88.0,0.0,4.1,882,1376,1290,5,2019,1,0
7570,944,4,116.0,0.0,6.3,2450,2293,1699,3,2019,1,5
7572,3296,5,109.0,0.0,5.5,2767,4319,2177,4,2019,1,1
7574,3905,3,110.0,0.0,7.5,2936,4511,2798,2,2019,1,5
7587,5082,3,143.0,0.0,8.1,12,4089,2529,0,2019,1,6
7591,4732,3,170.0,0.0,5.2,2682,4091,2127,0,2019,1,5
7592,1883,3,103.0,0.0,7.0,2495,3819,1219,0,2019,1,5
7595,7202,6,109.0,0.0,5.8,484,17,173,3,2019,1,1
7596,5292,3,146.0,0.0,2.2,2252,307,2609,0,2019,1,1
7601,701,5,94.0,0.0,5.9,72,116,1864,17,2019,1,1
7602,1264,3,112.0,0.0,7.4,993,1499,1374,2,2019,1,6
7603,682,3,98.0,0.0,5.1,1039,1921,929,4,2019,1,1
7609,4277,5,110.0,0.0,6.9,2341,3567,1959,7,2019,1,6
7611,882,6,87.0,0.0,4.8,2451,3757,1396,11,2019,1,5
7612,5667,5,118.0,0.0,5.6,2818,627,2794,0,2019,1,1
7614,67,3,155.0,0.0,7.9,1789,2725,272,13,2019,1,1
7617,2539,6,85.0,0.0,3.5,2828,226,2441,0,2019,1,1
7622,5903,4,100.0,0.0,5.9,2698,4118,577,4,2019,1,6
7632,6242,5,112.0,0.0,6.4,141,196,2418,7,2019,1,5
7650,5087,4,99.0,0.0,6.5,1247,3232,219,0,2020,1,1
7651,1638,4,101.0,0.0,5.6,2611,3996,2228,1,2020,1,1
7652,5693,4,100.0,0.0,6.8,450,2931,933,1,2020,1,1
7659,804,6,78.0,0.0,6.6,1774,1045,510,7,2020,1,0
7677,2237,5,124.0,45.0,7.2,1211,1843,2074,1,2021,1,1
7678,2119,5,115.0,62.0,7.2,2557,4522,2544,0,2021,1,1
7683,2387,6,105.0,42.0,5.6,614,3868,1351,11,2021,1,6
7688,5648,4,107.0,39.0,5.9,2795,4270,1060,2,2021,1,5
7699,4164,1,86.0,50.0,6.2,365,572,2770,2,2021,1,1
7700,7365,5,156.0,85.0,7.8,2666,4307,2143,5,2021,1,1
7701,6354,6,148.0,63.0,5.7,1643,2482,2797,0,2021,1,1
7706,1837,5,88.0,48.0,5.8,20,4436,2570,0,2021,1,1
7707,4579,5,145.0,61.0,6.6,1693,4315,1734,3,2021,1,1
7711,6020,6,130.0,85.0,6.6,633,973,1240,1,2021,1,1
7712,4578,6,107.0,44.0,5.2,1354,2048,2222,0,2021,1,1
7714,3258,6,133.0,90.0,7.8,2158,3307,2385,4,2021,1,1
7717,6271,6,128.0,54.0,6.3,1409,2132,2154,5,2021,1,1
7718,1508,5,137.0,39.0,6.1,2603,4064,1386,7,2021,1,1
7721,3481,6,111.0,51.0,6.3,1184,1803,1679,5,2021,1,1
7725,6216,6,152.0,67.0,7.4,2336,3157,1770,0,2021,1,1
7726,462,6,99.0,57.0,5.9,2511,3849,1460,7,2021,1,1
7728,3192,6,116.0,65.0,7.2,774,2466,2606,7,2021,1,1
7735,2978,6,126.0,85.0,7.5,2548,4427,1525,3,2021,1,5
7738,4837,6,107.0,0.0,4.7,2898,3135,2741,11,2021,1,1
7746,2512,5,117.0,40.0,6.7,268,437,634,4,2021,1,1
7748,3166,6,106.0,68.0,6.3,2848,4343,1996,7,2021,1,1
7752,5317,5,118.0,96.0,8.1,2255,1,657,6,2021,1,1
7763,4533,6,130.0,75.0,7.4,2528,3876,2532,4,2021,1,1
7764,7101,6,98.0,0.0,4.8,668,1900,2473,15,2021,1,1
7770,852,6,117.0,58.0,7.1,1544,2329,1727,7,2021,1,5
7782,2983,5,95.0,71.0,7.6,1532,1,1352,6,2022,1,1
7792,665,5,94.0,74.0,7.1,1706,3319,2731,6,2021,1,0
7803,3540,5,111.0,81.0,7.7,850,1335,1739,7,2021,1,0
7810,7305,4,110.0,0.0,5.1,2446,2758,1416,4,2021,1,1
7812,5028,6,102.0,57.0,6.6,1429,2156,2429,4,2021,1,1
7813,6281,4,96.0,69.0,6.6,1514,2591,1339,6,2021,1,0
7814,5427,5,115.0,0.0,6.4,899,2261,2180,4,2021,1,6
7816,6699,6,107.0,90.0,7.7,1321,2011,2612,7,2022,1,6
7838,3600,4,136.0,91.0,6.7,173,288,2612,7,2021,1,1
7839,2103,11,133.0,57.0,5.9,345,555,1672,4,2021,1,1
7846,325,11,105.0,76.0,6.9,2732,1,2594,6,2021,1,1
7854,5605,11,93.0,72.0,6.1,2095,3211,2743,4,2021,1,1
7873,6239,4,119.0,0.0,0.0,1106,3844,2356,2,2021,1,1
7879,4816,4,89.0,0.0,5.0,269,429,2818,4,2021,1,0
7881,7343,11,97.0,48.0,4.5,2531,2852,2738,11,2021,1,0
7916,7159,5,116.0,42.0,6.9,2454,3451,2646,0,2022,1,0
7920,3739,5,130.0,41.0,5.3,2435,3965,2056,0,2022,1,1
7921,3525,5,112.0,50.0,6.2,1563,4132,2031,4,2022,1,1
7927,6769,4,102.0,33.0,5.8,2280,3477,2134,8,2022,1,0
