movie_id,genre_id
1,0
2,1
3,2
4,3
5,3
6,4
7,2
8,5
9,2
10,5
11,2
12,1
13,1
14,0
15,6
16,0
17,0
18,3
19,4
20,3
21,6
22,1
23,2
24,7
25,0
26,4
27,3
28,2
29,6
30,6
31,3
32,4
33,2
34,0
35,3
36,3
37,3
38,3
39,0
40,5
41,8
42,0
43,2
44,5
45,4
46,3
47,2
48,4
49,2
50,5
51,3
52,3
53,5
54,2
55,3
56,3
57,2
58,3
59,2
60,9
61,1
62,0
63,3
64,0
65,0
66,3
67,3
68,3
69,3
70,3
71,3
72,10
73,3
74,3
75,3
76,1
77,3
78,3
79,0
80,1
81,0
82,0
83,3
84,10
85,3
86,3
87,3
88,3
89,3
90,3
91,3
92,2
93,2
94,6
95,3
96,2
97,4
98,3
99,6
100,2
101,1
102,2
103,1
104,3
105,0
106,2
107,2
108,0
109,1
110,3
111,4
112,4
113,2
114,4
115,0
116,5
117,0
118,10
119,5
120,0
121,1
122,0
123,3
124,5
125,3
126,4
127,3
128,4
129,2
130,6
131,1
132,4
133,5
134,3
135,6
136,0
137,4
138,6
139,1
140,2
141,2
142,3
143,4
144,0
145,4
146,4
147,0
148,0
149,1
150,6
151,0
152,2
153,3
154,2
155,3
156,3
157,11
158,4
159,3
160,6
161,0
162,3
163,12
164,4
165,6
166,4
167,2
168,3
169,3
170,3
171,0
172,0
173,4
174,3
175,0
176,10
177,2
178,1
179,4
180,2
181,0
182,0
183,3
184,3
185,3
186,3
187,1
188,3
189,0
190,3
191,0
192,3
193,1
194,0
195,3
196,2
197,3
198,2
199,4
200,3
201,6
202,3
203,13
204,1
205,0
206,3
207,2
208,4
209,2
210,8
211,2
212,0
213,3
214,3
215,4
216,2
217,2
218,1
219,3
220,0
221,5
222,3
223,2
224,10
225,3
226,0
227,2
228,3
229,1
230,0
231,7
232,0
233,4
234,2
235,4
236,1
237,0
238,4
239,3
240,3
241,3
242,3
243,3
244,0
245,3
246,3
247,3
248,10
249,0
250,3
251,3
252,4
253,6
254,2
255,2
256,2
257,2
258,0
259,3
260,4
261,5
262,5
263,14
264,3
265,3
266,0
267,4
268,6
269,3
270,3
271,3
272,6
273,4
274,0
275,3
276,4
277,3
278,2
279,3
280,0
281,6
282,3
283,3
284,2
285,3
286,0
287,3
288,13
289,4
290,3
291,3
292,2
293,3
294,0
295,2
296,2
297,3
298,0
299,0
300,9
301,2
302,3
303,3
304,0
305,0
306,2
307,3
308,3
309,5
310,2
311,3
312,6
313,0
314,6
315,5
316,3
317,3
318,10
319,6
320,3
321,3
322,0
323,2
324,9
325,10
326,10
327,6
328,3
329,0
330,3
331,3
332,6
333,6
334,2
335,3
336,1
337,3
338,2
339,3
340,0
341,1
342,4
343,4
344,0
345,2
346,1
347,2
348,3
349,0
350,2
351,3
352,3
353,6
354,4
355,3
356,4
357,2
358,3
359,4
360,2
361,0
362,3
363,2
364,2
365,6
366,3
367,6
368,5
369,0
370,0
371,3
372,0
373,10
374,0
375,2
376,3
377,0
378,3
379,2
380,2
381,3
382,7
383,0
384,5
385,6
386,2
387,3
388,0
389,3
390,3
391,9
392,3
393,2
394,6
395,2
396,3
397,4
398,2
399,1
400,3
401,2
402,2
403,1
404,1
405,3
406,10
407,1
408,3
409,0
410,0
411,4
412,0
413,2
414,2
415,3
416,0
417,2
418,3
419,0
420,1
421,3
422,2
423,4
424,3
425,2
426,0
427,3
428,0
429,6
430,0
431,14
432,5
433,3
434,4
435,3
436,2
437,3
438,3
439,3
440,0
441,3
442,0
443,5
444,0
445,3
446,2
447,4
448,1
449,2
450,3
451,0
452,3
453,3
454,5
455,0
456,3
457,2
458,2
459,0
460,3
461,2
462,0
463,0
464,6
465,0
466,3
467,2
468,0
469,3
470,2
471,14
472,3
473,0
474,0
475,15
476,2
477,2
478,2
479,2
480,6
481,3
482,2
483,6
484,4
485,5
486,2
487,2
488,1
489,0
490,3
491,3
492,2
493,2
494,3
495,0
496,3
497,0
498,3
499,2
500,4
501,2
502,3
503,6
504,0
505,3
506,10
507,4
508,3
509,2
510,2
511,1
512,2
513,4
514,3
515,2
516,1
517,2
518,2
519,1
520,5
521,6
522,11
523,3
524,3
525,2
526,0
527,1
528,0
529,3
530,2
531,3
532,2
533,1
534,0
535,3
536,6
537,1
538,2
539,1
540,1
541,3
542,0
543,2
544,3
545,0
546,0
547,3
548,3
549,2
550,3
551,4
552,2
553,3
554,0
555,3
556,3
557,6
558,3
559,3
560,3
561,0
562,0
563,3
564,3
565,0
566,2
567,3
568,2
569,1
570,2
571,0
572,1
573,3
574,0
575,0
576,4
577,6
578,3
579,3
580,2
581,3
582,2
583,0
584,0
585,2
586,0
587,3
588,3
589,3
590,6
591,3
592,3
593,3
594,3
595,3
596,3
597,2
598,3
599,3
600,3
601,3
602,3
603,3
604,4
605,0
606,3
607,0
608,3
609,0
610,0
611,0
612,3
613,0
614,0
615,1
616,3
617,0
618,1
619,3
620,0
621,0
622,0
623,3
624,3
625,3
626,0
627,0
628,0
629,5
630,0
631,0
632,0
633,3
634,5
635,3
636,3
637,0
638,3
639,0
640,3
641,10
642,3
643,3
644,3
645,1
646,1
647,2
648,3
649,3
650,3
651,2
652,5
653,1
654,3
655,0
656,0
657,0
658,3
659,3
660,2
661,6
662,0
663,2
664,0
665,3
666,2
667,1
668,0
669,2
670,7
671,1
672,1
673,2
674,3
675,2
676,3
677,0
678,4
679,3
680,2
681,1
682,5
683,4
684,3
685,1
686,1
687,3
688,3
689,10
690,4
691,2
692,3
693,3
694,2
695,2
696,3
697,3
698,0
699,0
700,2
701,2
702,1
703,2
704,3
705,3
706,2
707,2
708,3
709,0
710,3
711,4
712,0
713,3
714,1
715,0
716,3
717,2
718,3
719,0
720,3
721,4
722,3
723,2
724,8
725,5
726,0
727,3
728,3
729,3
730,0
731,1
732,3
733,3
734,2
735,2
736,2
737,2
738,2
739,2
740,5
741,3
742,0
743,3
744,3
745,3
746,0
747,2
748,3
749,3
750,6
751,3
752,2
753,1
754,3
755,14
756,3
757,4
758,0
759,1
760,2
761,3
762,2
763,5
764,3
765,2
766,1
767,6
768,0
769,3
770,10
771,2
772,7
773,3
774,2
775,0
776,1
777,0
778,2
779,2
780,6
781,3
782,0
783,3
784,10
785,0
786,3
787,0
788,0
789,1
790,10
791,3
792,2
793,10
794,0
795,2
796,0
797,5
798,1
799,8
800,3
801,3
802,0
803,0
804,6
805,3
806,0
807,5
808,14
809,3
810,0
811,3
812,10
813,2
814,3
815,2
816,0
817,0
818,2
819,3
820,2
821,5
822,2
823,5
824,3
825,3
826,0
827,3
828,3
829,3
830,2
831,3
832,3
833,0
834,3
835,10
836,1
837,0
838,3
839,14
840,0
841,3
842,0
843,0
844,2
845,2
846,1
847,3
848,2
849,1
850,2
851,2
852,3
853,0
854,0
855,6
856,2
857,0
858,3
859,1
860,2
861,6
862,0
863,2
864,2
865,3
866,2
867,6
868,2
869,0
870,0
871,0
872,1
873,2
874,3
875,1
876,0
877,0
878,3
879,2
880,3
881,4
882,3
883,3
884,0
885,3
886,3
887,3
888,2
889,3
890,4
891,5
892,5
893,6
894,3
895,3
896,0
897,2
898,0
899,10
900,1
901,2
902,3
903,10
904,3
905,10
906,3
907,3
908,6
909,0
910,3
911,3
912,0
913,1
914,3
915,2
916,2
917,3
918,3
919,4
920,6
921,4
922,2
923,1
924,5
925,0
926,4
927,0
928,3
929,4
930,3
931,2
932,6
933,5
934,3
935,0
936,0
937,2
938,2
939,2
940,1
941,3
942,2
943,9
944,3
945,3
946,3
947,0
948,3
949,3
950,10
951,2
952,0
953,3
954,6
955,2
956,3
957,3
958,3
959,6
960,6
961,2
962,0
963,0
964,3
965,0
966,3
967,2
968,3
969,2
970,3
971,4
972,3
973,3
974,4
975,5
976,2
977,0
978,6
979,3
980,3
981,3
982,3
983,0
984,0
985,3
986,2
987,2
988,3
989,3
990,2
991,6
992,1
993,0
994,2
995,2
996,3
997,1
998,0
999,0
1000,3
1001,3
1002,5
1003,3
1004,3
1005,3
1006,3
1007,0
1008,0
1009,0
1010,3
1011,1
1012,10
1013,3
1014,0
1015,2
1016,2
1017,2
1018,3
1019,2
1020,3
1021,6
1022,2
1023,14
1024,10
1025,2
1026,2
1027,0
1028,3
1029,0
1030,8
1031,0
1032,0
1033,5
1034,2
1035,2
1036,0
1037,2
1038,0
1039,0
1040,3
1041,0
1042,2
1043,0
1044,1
1045,3
1046,0
1047,2
1048,2
1049,0
1050,1
1051,6
1052,1
1053,3
1054,2
1055,2
1056,3
1057,2
1058,0
1059,4
1060,2
1061,2
1062,3
1063,0
1064,2
1065,6
1066,4
1067,3
1068,1
1069,6
1070,5
1071,7
1072,3
1073,3
1074,3
1075,2
1076,2
1077,3
1078,3
1079,3
1080,3
1081,2
1082,2
1083,2
1084,5
1085,6
1086,3
1087,5
1088,3
1089,2
1090,4
1091,0
1092,0
1093,3
1094,3
1095,7
1096,3
1097,4
1098,3
1099,0
1100,3
1101,3
1102,3
1103,3
1104,3
1105,3
1106,3
1107,5
1108,7
1109,3
1110,3
1111,2
1112,2
1113,4
1114,6
1115,3
1116,7
1117,3
1118,0
1119,3
1120,3
1121,6
1122,2
1123,3
1124,2
1125,0
1126,1
1127,3
1128,3
1129,3
1130,3
1131,2
1132,2
1133,6
1134,3
1135,2
1136,6
1137,5
1138,2
1139,2
1140,3
1141,3
1142,6
1143,3
1144,0
1145,3
1146,2
1147,0
1148,0
1149,6
1150,14
1151,10
1152,3
1153,4
1154,3
1155,1
1156,3
1157,2
1158,3
1159,3
1160,2
1161,3
1162,0
1163,3
1164,3
1165,2
1166,3
1167,0
1168,0
1169,6
1170,3
1171,10
1172,6
1173,4
1174,14
1175,0
1176,5
1177,2
1178,2
1179,3
1180,2
1181,6
1182,0
1183,2
1184,4
1185,4
1186,4
1187,4
1188,2
1189,0
1190,2
1191,3
1192,6
1193,4
1194,3
1195,3
1196,0
1197,0
1198,0
1199,3
1200,3
1201,3
1202,5
1203,2
1204,3
1205,3
1206,2
1207,3
1208,0
1209,0
1210,1
1211,3
1212,6
1213,6
1214,2
1215,3
1216,3
1217,2
1218,0
1219,0
1220,0
1221,0
1222,3
1223,3
1224,3
1225,3
1226,0
1227,0
1228,0
1229,3
1230,4
1231,0
1232,3
1233,3
1234,4
1235,0
1236,0
1237,0
1238,3
1239,2
1240,2
1241,3
1242,0
1243,0
1244,2
1245,2
1246,3
1247,3
1248,0
1249,6
1250,2
1251,2
1252,2
1253,3
1254,3
1255,10
1256,3
1257,10
1258,0
1259,6
1260,7
1261,3
1262,3
1263,3
1264,3
1265,10
1266,2
1267,3
1268,3
1269,2
1270,0
1271,3
1272,10
1273,2
1274,6
1275,0
1276,3
1277,3
1278,0
1279,3
1280,1
1281,0
1282,4
1283,10
1284,0
1285,3
1286,2
1287,4
1288,0
1289,1
1290,3
1291,4
1292,3
1293,1
1294,2
1295,3
1296,2
1297,2
1298,7
1299,3
1300,4
1301,3
1302,4
1303,6
1304,2
1305,3
1306,5
1307,3
1308,3
1309,3
1310,3
1311,1
1312,0
1313,5
1314,2
1315,3
1316,3
1317,3
1318,6
1319,3
1320,3
1321,3
1322,1
1323,4
1324,3
1325,3
1326,6
1327,3
1328,3
1329,3
1330,3
1331,2
1332,3
1333,7
1334,3
1335,2
1336,3
1337,0
1338,0
1339,3
1340,0
1341,2
1342,5
1343,2
1344,0
1345,2
1346,1
1347,7
1348,5
1349,2
1350,6
1351,2
1352,3
1353,1
1354,3
1355,6
1356,3
1357,3
1358,2
1359,0
1360,3
1362,3
1363,3
1364,3
1365,0
1366,0
1367,3
1368,6
1369,5
1370,0
1371,6
1372,3
1373,3
1374,1
1375,3
1376,3
1377,3
1378,0
1379,5
1380,3
1381,1
1382,11
1383,16
1384,2
1385,2
1386,3
1387,2
1388,0
1389,4
1390,3
1391,3
1392,0
1393,3
1394,2
1395,3
1396,0
1397,3
1398,3
1399,4
1400,0
1401,0
1402,6
1403,6
1404,4
1405,6
1406,0
1407,3
1408,2
1409,0
1410,3
1411,3
1412,6
1413,3
1414,2
1415,3
1416,0
1417,0
1418,3
1419,0
1420,3
1421,2
1422,14
1423,0
1424,0
1425,5
1426,0
1427,6
1428,0
1429,0
1430,0
1431,0
1432,2
1433,3
1434,0
1435,0
1436,3
1437,3
1438,3
1439,5
1440,2
1441,3
1442,0
1443,0
1444,2
1445,2
1446,2
1447,1
1448,0
1449,3
1450,10
1451,1
1452,1
1453,3
1454,1
1455,3
1456,1
1457,2
1458,0
1459,3
1460,3
1461,3
1462,7
1463,3
1464,2
1465,2
1466,5
1467,5
1468,3
1469,2
1470,3
1471,3
1472,3
1473,2
1474,3
1475,3
1476,2
1477,6
1478,2
1479,3
1480,2
1481,2
1482,5
1483,3
1484,0
1485,1
1486,1
1487,3
1488,3
1489,2
1490,3
1491,10
1492,2
1493,0
1494,1
1495,2
1496,4
1497,2
1498,2
1499,1
1500,0
1501,6
1502,7
1503,3
1504,4
1505,2
1506,6
1507,3
1508,2
1509,0
1510,2
1511,3
1512,1
1513,3
1514,0
1515,0
1516,3
1517,3
1518,2
1519,0
1520,3
1521,3
1522,5
1523,2
1524,2
1525,3
1526,5
1527,3
1528,3
1529,2
1530,3
1531,3
1532,2
1533,3
1534,0
1535,3
1536,3
1537,0
1538,10
1539,2
1540,5
1541,3
1542,3
1543,2
1544,2
1545,2
1546,3
1547,6
1548,3
1549,2
1550,5
1551,3
1552,3
1553,2
1554,2
1555,2
1556,2
1557,2
1558,6
1559,3
1560,5
1561,4
1562,0
1563,3
1564,3
1565,0
1566,3
1567,2
1568,3
1569,0
1570,3
1571,0
1572,10
1573,0
1574,3
1575,0
1576,0
1577,3
1578,5
1579,3
1580,6
1581,4
1582,3
1583,2
1584,2
1585,6
1586,0
1587,2
1588,2
1589,0
1590,3
1591,0
1592,3
1593,0
1594,5
1595,0
1596,0
1597,2
1598,4
1599,2
1600,3
1601,2
1602,3
1603,3
1604,4
1605,2
1606,0
1607,7
1608,0
1609,0
1610,0
1611,3
1612,2
1613,6
1614,3
1615,4
1616,1
1617,3
1618,6
1619,1
1620,6
1621,1
1622,6
1623,0
1624,3
1625,3
1626,3
1627,3
1628,3
1629,2
1630,2
1631,3
1632,3
1633,3
1634,6
1635,5
1636,0
1637,3
1638,3
1639,3
1640,3
1641,3
1642,1
1643,2
1644,5
1645,6
1646,2
1647,3
1648,3
1649,0
1650,1
1651,3
1652,2
1653,0
1654,2
1655,3
1656,2
1657,0
1658,2
1659,2
1660,5
1661,0
1662,3
1663,2
1664,2
1665,1
1666,0
1667,1
1668,2
1669,6
1670,3
1671,16
1672,3
1673,2
1674,6
1675,3
1676,0
1677,2
1678,6
1679,2
1680,1
1681,2
1682,3
1683,4
1684,3
1685,3
1686,0
1687,6
1688,0
1689,2
1690,2
1691,6
1692,2
1693,6
1694,3
1695,3
1696,6
1697,3
1698,10
1699,3
1700,2
1701,4
1702,14
1703,3
1704,5
1705,2
1706,3
1707,0
1708,1
1709,2
1710,4
1711,5
1712,3
1713,2
1714,2
1715,2
1716,2
1717,2
1718,3
1719,0
1720,2
1721,3
1722,2
1723,2
1724,0
1725,5
1726,3
1727,9
1728,3
1729,3
1730,2
1731,5
1732,2
1733,4
1734,1
1735,2
1736,0
1737,0
1738,3
1739,0
1740,3
1741,3
1742,3
1743,2
1744,3
1745,3
1746,0
1747,3
1748,3
1749,0
1750,3
1751,0
1752,10
1753,0
1754,3
1755,10
1756,1
1757,0
1758,2
1759,3
1760,3
1761,0
1762,0
1763,3
1764,2
1765,3
1766,0
1767,6
1768,3
1769,3
1770,6
1771,2
1772,2
1773,0
1774,0
1775,4
1776,3
1777,3
1778,3
1779,2
1780,0
1781,1
1782,4
1783,0
1784,3
1785,3
1786,3
1787,3
1788,0
1789,3
1790,6
1791,5
1792,0
1793,2
1794,3
1795,2
1796,3
1797,3
1798,0
1799,0
1800,1
1801,3
1802,3
1803,4
1804,3
1805,1
1806,5
1807,2
1808,0
1809,0
1810,2
1811,3
1812,0
1813,3
1814,3
1815,2
1816,2
1817,3
1818,2
1819,7
1820,0
1821,0
1822,0
1823,3
1824,3
1825,2
1826,0
1827,3
1828,3
1829,0
1830,3
1831,3
1832,0
1833,0
1834,4
1835,0
1836,3
1838,0
1839,2
1840,6
1841,0
1842,3
1843,3
1844,2
1845,2
1846,6
1847,1
1848,6
1849,6
1850,3
1851,3
1852,1
1853,0
1854,2
1855,5
1856,10
1857,0
1858,0
1859,2
1860,3
1861,2
1862,1
1863,3
1864,3
1865,3
1866,3
1867,3
1868,0
1869,0
1870,1
1871,2
1872,2
1873,0
1874,3
1875,2
1876,2
1877,0
1878,3
1879,3
1880,3
1881,0
1882,2
1883,3
1884,2
1885,3
1886,0
1887,0
1888,2
1889,2
1890,3
1891,0
1892,5
1893,3
1894,3
1895,3
1896,4
1897,7
1898,3
1899,0
1900,2
1901,2
1902,0
1903,2
1904,0
1905,2
1906,0
1907,3
1908,2
1909,3
1910,2
1911,2
1912,3
1913,2
1914,6
1915,2
1916,10
1917,0
1918,10
1919,3
1920,3
1921,6
1922,0
1923,6
1924,3
1925,3
1926,0
1927,3
1928,10
1929,3
1930,3
1931,0
1932,3
1933,1
1934,2
1935,3
1936,3
1937,6
1938,0
1939,2
1940,3
1941,6
1942,2
1943,2
1944,3
1945,0
1946,3
1947,0
1948,3
1949,3
1950,3
1951,0
1952,4
1953,3
1954,0
1955,3
1956,3
1957,1
1958,6
1959,0
1960,0
1961,0
1962,3
1963,3
1964,3
1965,0
1966,0
1967,3
1968,3
1969,0
1970,3
1971,0
1972,3
1973,3
1974,6
1975,2
1976,0
1977,6
1978,0
1979,10
1980,0
1981,3
1982,1
1983,0
1984,3
1985,2
1986,3
1987,16
1988,3
1989,3
1990,2
1991,2
1992,2
1993,3
1994,0
1995,2
1996,2
1997,3
1998,0
1999,0
2000,0
2001,5
2002,6
2003,0
2004,4
2005,0
2006,5
2007,2
2008,1
2009,3
2010,4
2011,2
2012,2
2013,3
2014,3
2015,3
2016,3
2017,0
2018,0
2019,3
2020,3
2021,2
2022,2
2024,0
2025,2
2026,0
2027,6
2028,3
2029,3
2030,16
2031,0
2032,0
2033,2
2034,0
2035,0
2036,5
2037,0
2038,2
2039,3
2040,3
2041,5
2042,3
2043,16
2044,6
2045,0
2046,4
2047,3
2048,2
2049,4
2050,0
2051,0
2052,3
2053,2
2054,0
2055,2
2056,3
2057,10
2058,3
2059,2
2060,3
2061,1
2062,6
2063,0
2064,2
2065,2
2066,0
2067,10
2068,6
2069,3
2070,3
2071,0
2072,0
2073,0
2074,3
2075,2
2076,2
2077,7
2078,5
2079,5
2080,1
2081,0
2082,0
2083,5
2084,2
2085,3
2086,0
2087,3
2088,4
2089,3
2090,3
2091,3
2092,2
2093,5
2094,2
2095,0
2096,7
2097,6
2098,3
2099,10
2100,3
2101,0
2102,5
2103,2
2104,0
2106,3
2107,2
2108,4
2109,0
2110,1
2111,1
2112,3
2113,2
2114,3
2115,4
2116,3
2117,0
2118,3
2119,6
2120,5
2121,2
2122,2
2123,10
2124,1
2125,6
2126,1
2127,0
2128,3
2129,0
2130,3
2131,2
2132,1
2133,3
2134,6
2135,2
2136,2
2137,6
2138,5
2139,0
2140,6
2141,1
2142,6
2143,2
2144,3
2145,1
2146,2
2147,6
2148,10
2149,3
2150,3
2151,2
2152,0
2153,3
2154,3
2155,3
2156,0
2157,0
2158,2
2159,2
2160,0
2161,2
2162,3
2163,2
2164,3
2165,2
2166,2
2167,3
2168,6
2169,3
2170,0
2171,0
2172,3
2173,11
2174,2
2175,6
2176,0
2177,3
2178,2
2179,3
2180,6
2181,6
2182,6
2183,0
2184,3
2185,0
2186,0
2187,3
2188,6
2189,6
2190,0
2191,0
2192,0
2193,6
2194,5
2195,0
2196,1
2197,0
2198,3
2199,5
2200,6
2201,3
2202,0
2203,1
2204,0
2205,0
2206,3
2207,6
2208,0
2209,3
2210,2
2211,2
2212,3
2213,6
2214,6
2215,3
2216,3
2217,3
2218,0
2219,0
2220,3
2221,0
2222,3
2223,6
2224,3
2225,3
2226,2
2227,6
2228,0
2229,2
2230,1
2231,16
2232,0
2233,2
2234,0
2235,3
2236,3
2237,3
2238,3
2239,3
2240,5
2241,2
2242,1
2243,3
2244,2
2245,3
2246,2
2247,3
2248,5
2249,6
2250,3
2251,1
2252,6
2253,0
2254,3
2255,6
2256,3
2257,2
2258,2
2259,3
2260,2
2261,6
2262,0
2263,2
2264,3
2265,3
2266,0
2267,1
2268,3
2269,2
2270,0
2271,10
2272,3
2273,6
2274,5
2275,5
2276,3
2277,0
2278,2
2279,0
2280,6
2281,0
2282,2
2283,1
2284,0
2285,1
2286,2
2287,0
2288,2
2289,5
2290,1
2291,3
2292,6
2293,3
2294,0
2295,5
2296,3
2297,3
2298,2
2299,3
2300,0
2301,2
2302,5
2303,0
2304,3
2305,6
2306,3
2307,6
2308,5
2309,3
2310,3
2311,2
2312,4
2313,5
2314,7
2315,3
2316,0
2317,3
2318,3
2319,6
2320,7
2321,0
2322,3
2323,2
2324,0
2325,6
2326,2
2327,3
2328,2
2329,4
2330,0
2331,1
2332,3
2333,0
2334,0
2335,3
2336,0
2337,2
2338,0
2339,0
2340,0
2341,0
2342,10
2343,3
2344,0
2345,3
2346,6
2347,0
2348,3
2349,0
2350,0
2351,2
2352,2
2353,5
2354,3
2355,2
2356,0
2357,3
2358,10
2359,6
2360,2
2361,4
2362,0
2363,3
2364,2
2365,1
2366,3
2367,1
2368,3
2370,0
2371,4
2372,2
2373,0
2374,6
2375,3
2376,2
2377,3
2378,3
2379,3
2380,2
2381,3
2382,10
2383,13
2384,0
2385,0
2386,3
2387,3
2388,2
2389,10
2390,3
2391,2
2392,0
2393,3
2394,0
2395,2
2396,2
2397,6
2398,2
2399,1
2400,0
2401,0
2402,6
2403,5
2404,1
2405,6
2406,3
2407,3
2408,0
2409,0
2410,6
2411,0
2412,6
2413,3
2414,0
2415,4
2416,3
2417,3
2418,0
2419,5
2420,3
2421,3
2422,3
2423,3
2424,2
2425,3
2426,0
2427,0
2428,3
2429,0
2430,3
2431,3
2432,3
2433,0
2434,8
2435,2
2436,5
2437,3
2438,3
2440,0
2441,1
2442,0
2443,3
2444,0
2445,6
2446,0
2447,2
2448,2
2449,10
2450,2
2451,2
2452,2
2453,3
2454,3
2455,0
2456,2
2457,2
2458,0
2459,3
2460,3
2461,3
2462,0
2463,2
2464,3
2465,2
2466,3
2467,5
2468,3
2469,1
2470,2
2471,1
2472,6
2473,3
2474,3
2475,5
2476,2
2477,0
2478,3
2479,0
2480,3
2481,2
2482,3
2483,3
2484,3
2485,0
2486,3
2487,7
2488,1
2489,1
2490,3
2491,3
2492,2
2493,2
2494,16
2495,1
2496,3
2497,6
2498,3
2499,3
2500,3
2501,6
2502,0
2503,0
2504,3
2505,1
2506,3
2507,2
2508,3
2509,2
2510,10
2511,6
2512,3
2513,2
2514,2
2515,0
2516,0
2517,5
2518,2
2519,3
2520,0
2521,3
2522,3
2523,2
2524,2
2525,3
2526,6
2527,3
2528,0
2529,3
2530,10
2531,2
2532,0
2533,3
2534,5
2535,5
2536,5
2537,0
2539,1
2540,0
2541,6
2542,3
2543,3
2544,3
2545,3
2546,2
2547,3
2548,3
2549,5
2550,3
2551,3
2552,2
2553,0
2554,0
2555,8
2556,10
2557,3
2558,0
2559,2
2560,3
2561,3
2562,3
2563,6
2564,5
2565,3
2566,0
2567,2
2568,2
2569,3
2570,1
2571,2
2572,3
2573,2
2574,2
2575,3
2576,1
2577,3
2578,1
2579,1
2580,2
2581,0
2582,0
2583,3
2584,1
2585,2
2586,3
2587,3
2588,3
2589,3
2590,2
2591,3
2592,3
2593,3
2594,2
2595,6
2596,3
2597,6
2598,8
2599,1
2600,6
2601,4
2602,3
2603,5
2604,3
2605,3
2606,3
2607,0
2608,3
2609,3
2610,3
2611,3
2612,2
2613,3
2614,6
2615,3
2616,2
2617,10
2618,4
2619,2
2620,3
2621,3
2622,5
2623,0
2624,5
2625,3
2626,0
2627,0
2628,1
2629,3
2630,3
2631,3
2632,3
2633,3
2634,6
2635,3
2636,5
2637,1
2638,3
2639,3
2640,0
2641,2
2642,0
2643,5
2645,3
2646,6
2647,5
2648,1
2649,6
2650,1
2651,6
2652,2
2653,2
2654,0
2655,10
2656,2
2657,2
2658,2
2659,3
2660,16
2661,0
2662,0
2663,0
2664,3
2665,0
2666,2
2667,5
2669,3
2670,2
2671,2
2672,2
2673,2
2674,3
2675,3
2676,2
2677,3
2678,6
2679,3
2680,3
2681,3
2682,2
2683,3
2684,10
2685,10
2686,5
2687,2
2688,3
2689,3
2690,10
2691,3
2692,3
2693,1
2694,3
2695,6
2696,3
2697,2
2698,2
2699,0
2700,2
2701,2
2702,2
2703,7
2704,0
2705,1
2706,0
2707,0
2708,3
2709,2
2710,6
2711,0
2712,2
2713,1
2714,1
2715,6
2716,2
2717,6
2718,3
2719,2
2720,4
2721,3
2722,2
2723,3
2724,0
2726,1
2727,2
2728,3
2729,3
2730,3
2731,0
2732,2
2733,6
2734,3
2735,3
2736,2
2737,2
2738,3
2739,3
2740,1
2741,4
2742,2
2743,3
2744,3
2745,6
2746,2
2747,4
2748,0
2749,3
2750,5
2751,7
2752,0
2753,3
2754,3
2755,10
2756,5
2757,2
2758,4
2759,0
2760,2
2761,1
2762,1
2763,6
2764,3
2765,3
2766,0
2768,0
2769,3
2770,4
2771,3
2772,0
2773,0
2774,2
2775,1
2776,0
2777,1
2778,6
2779,3
2780,3
2781,1
2782,6
2783,0
2784,0
2785,3
2786,0
2787,0
2788,1
2789,3
2790,3
2791,2
2792,5
2793,0
2794,0
2795,3
2796,3
2797,1
2798,6
2799,0
2800,1
2801,3
2802,3
2803,3
2804,3
2805,3
2806,4
2807,3
2808,3
2809,3
2810,2
2811,0
2812,6
2813,10
2814,0
2815,3
2816,6
2817,0
2818,0
2819,0
2820,0
2821,6
2822,2
2823,3
2824,3
2825,3
2826,3
2827,0
2828,3
2829,5
2830,0
2831,1
2832,6
2833,0
2834,0
2835,1
2836,3
2837,3
2838,3
2839,2
2840,1
2841,0
2842,2
2843,0
2844,10
2846,0
2848,6
2849,2
2850,6
2851,2
2852,3
2853,0
2854,2
2855,3
2856,1
2857,0
2858,3
2859,2
2860,6
2861,0
2862,6
2863,3
2864,0
2865,2
2866,0
2867,3
2868,0
2869,6
2870,0
2871,3
2872,3
2873,3
2874,4
2875,3
2876,10
2877,3
2878,2
2879,3
2880,2
2881,3
2882,2
2883,3
2884,3
2885,3
2886,7
2887,6
2888,3
2890,0
2891,1
2892,2
2893,3
2894,2
2895,10
2896,2
2897,2
2898,3
2899,3
2900,1
2901,2
2902,2
2903,3
2904,2
2905,6
2906,0
2907,6
2908,3
2909,3
2910,2
2911,2
2912,16
2913,2
2914,10
2915,1
2916,3
2917,2
2918,0
2919,2
2920,2
2921,6
2922,3
2923,3
2924,5
2925,3
2926,3
2927,3
2928,3
2929,6
2930,1
2931,3
2932,3
2933,5
2934,3
2935,2
2936,3
2937,0
2938,5
2939,0
2940,3
2941,1
2942,5
2943,0
2944,3
2945,2
2946,2
2947,0
2948,3
2949,3
2950,3
2951,3
2952,2
2953,5
2954,2
2955,2
2956,4
2957,3
2958,3
2959,6
2960,6
2961,0
2962,2
2963,3
2964,3
2965,3
2966,0
2967,0
2968,2
2969,0
2970,6
2971,3
2972,1
2973,3
2974,0
2975,3
2976,3
2977,0
2978,3
2979,3
2980,2
2981,4
2982,1
2983,3
2984,3
2985,6
2986,3
2987,6
2988,0
2989,3
2990,0
2991,3
2992,5
2993,3
2994,0
2995,3
2996,2
2997,3
2998,3
2999,3
3000,3
3001,3
3002,0
3004,0
3005,6
3006,3
3007,3
3008,0
3009,1
3010,3
3011,0
3012,0
3013,5
3014,6
3015,10
3016,3
3017,3
3018,3
3019,3
3020,3
3021,1
3022,6
3023,3
3024,3
3025,3
3026,3
3027,1
3028,0
3029,3
3030,0
3031,5
3032,5
3033,6
3034,3
3035,2
3036,5
3037,0
3038,2
3039,3
3040,0
3041,3
3042,3
3043,3
3044,0
3045,0
3046,0
3047,2
3048,1
3049,0
3050,0
3051,2
3052,0
3053,2
3054,6
3055,6
3056,3
3057,0
3058,2
3059,2
3060,2
3061,2
3062,4
3064,2
3065,2
3066,10
3067,4
3068,2
3069,3
3070,0
3071,6
3072,4
3073,2
3074,0
3075,3
3076,5
3077,2
3078,10
3079,3
3080,6
3081,3
3082,10
3083,2
3084,3
3085,2
3086,2
3087,2
3088,2
3089,16
3090,3
3091,2
3092,3
3093,1
3094,6
3095,3
3096,3
3097,5
3098,3
3099,6
3100,2
3101,6
3102,2
3103,2
3104,6
3105,3
3106,2
3107,5
3109,4
3110,3
3111,2
3112,2
3113,3
3114,5
3115,0
3116,1
3117,2
3118,2
3119,3
3121,3
3122,0
3123,0
3124,2
3125,2
3126,3
3127,3
3128,0
3129,3
3130,0
3131,2
3132,4
3133,3
3134,1
3135,3
3136,0
3137,2
3138,7
3139,3
3140,3
3141,5
3142,0
3143,3
3144,2
3145,0
3146,3
3147,6
3148,2
3149,2
3150,2
3151,0
3152,5
3153,6
3154,0
3155,2
3156,3
3157,3
3158,3
3159,3
3160,2
3161,2
3162,3
3163,2
3164,6
3165,0
3166,0
3167,0
3168,3
3169,6
3170,2
3172,3
3173,3
3174,3
3175,6
3176,0
3177,0
3178,5
3179,3
3180,3
3181,6
3182,6
3183,3
3184,0
3185,7
3186,2
3187,0
3188,3
3189,0
3190,2
3191,3
3192,0
3193,0
3194,3
3195,2
3196,2
3197,0
3198,0
3199,5
3200,10
3201,2
3202,0
3203,0
3204,3
3205,1
3206,3
3207,0
3208,3
3209,1
3210,2
3211,3
3212,0
3213,3
3214,3
3215,3
3216,3
3217,1
3218,3
3219,5
3220,3
3221,3
3222,2
3223,2
3224,1
3225,3
3226,0
3227,2
3228,3
3229,2
3230,3
3231,0
3232,0
3233,6
3234,3
3235,3
3236,3
3237,0
3238,3
3239,2
3240,0
3241,6
3242,3
3243,3
3244,3
3245,0
3246,0
3247,2
3248,3
3249,2
3250,6
3251,1
3252,6
3253,2
3254,3
3255,0
3256,2
3257,1
3258,2
3259,3
3260,4
3261,10
3262,3
3263,10
3264,3
3265,0
3266,3
3267,3
3268,0
3269,3
3270,2
3271,6
3272,7
3273,3
3274,2
3275,3
3276,3
3277,2
3278,6
3279,10
3280,3
3281,3
3282,3
3283,2
3284,2
3285,2
3286,0
3287,4
3288,2
3289,2
3290,2
3291,3
3292,0
3293,0
3294,3
3295,5
3296,2
3297,2
3298,2
3299,2
3300,2
3301,5
3302,2
3303,0
3304,0
3305,3
3306,3
3307,4
3308,4
3309,4
3310,2
3311,6
3312,0
3313,3
3314,0
3315,10
3316,6
3317,2
3318,0
3319,6
3320,6
3321,0
3322,2
3323,0
3324,4
3325,2
3326,3
3327,2
3328,3
3329,5
3330,0
3331,3
3332,2
3333,11
3334,3
3335,2
3336,2
3337,6
3338,3
3339,3
3340,6
3341,3
3342,2
3343,3
3344,3
3345,3
3346,3
3347,2
3348,2
3349,5
3350,0
3351,2
3352,3
3353,6
3354,10
3355,6
3356,6
3357,3
3358,1
3359,0
3360,3
3361,10
3362,3
3363,2
3364,3
3365,3
3366,2
3367,0
3368,3
3369,3
3370,2
3371,3
3372,0
3373,3
3374,0
3375,3
3376,1
3377,3
3378,0
3379,0
3380,3
3381,10
3382,3
3383,3
3384,3
3385,2
3386,5
3387,2
3388,0
3389,3
3390,5
3391,3
3392,0
3393,3
3394,2
3395,6
3396,1
3397,4
3398,3
3399,0
3400,2
3401,0
3402,0
3403,2
3404,3
3405,6
3406,4
3407,3
3408,1
3409,0
3410,1
3411,5
3412,3
3413,6
3414,0
3415,3
3416,1
3417,10
3418,0
3419,3
3420,2
3421,3
3422,3
3423,3
3424,3
3425,5
3426,3
3427,6
3428,3
3429,0
3430,3
3431,3
3432,0
3433,6
3434,0
3435,3
3436,3
3437,3
3438,3
3439,6
3440,3
3441,3
3442,3
3443,0
3444,2
3445,0
3446,6
3447,0
3448,2
3449,3
3450,6
3451,0
3452,2
3453,3
3454,0
3455,2
3456,3
3457,1
3458,3
3459,0
3460,4
3461,0
3462,0
3463,5
3464,1
3465,2
3466,2
3467,3
3468,3
3469,7
3470,2
3471,10
3472,1
3473,10
3474,3
3475,3
3476,10
3477,2
3478,0
3479,2
3480,2
3481,3
3482,16
3483,6
3484,5
3485,3
3486,2
3487,3
3488,2
3489,6
3490,3
3491,5
3492,6
3493,6
3494,3
3495,3
3496,3
3497,6
3498,0
3499,0
3500,6
3501,0
3502,5
3503,7
3504,4
3505,0
3506,0
3507,2
3508,3
3509,2
3510,10
3511,5
3512,3
3513,3
3514,3
3515,6
3516,1
3517,5
3518,0
3519,1
3520,2
3521,3
3522,4
3523,0
3524,2
3525,3
3526,3
3527,3
3528,16
3529,2
3530,2
3531,5
3532,0
3533,3
3534,2
3535,6
3536,0
3537,4
3538,3
3539,3
3540,3
3541,3
3542,0
3543,3
3544,2
3545,3
3546,3
3547,3
3548,0
3549,6
3550,0
3551,3
3552,3
3553,0
3554,5
3555,2
3556,0
3557,0
3558,0
3559,3
3560,3
3561,3
3562,0
3563,3
3564,0
3565,3
3566,3
3567,0
3568,0
3569,3
3570,1
3571,10
3572,4
3573,0
3574,1
3575,0
3576,0
3577,3
3578,3
3579,3
3580,3
3581,1
3582,0
3583,5
3584,0
3585,3
3586,0
3587,3
3588,0
3589,3
3590,2
3591,3
3592,3
3593,10
3594,3
3595,4
3596,0
3597,3
3598,3
3599,3
3600,6
3601,3
3602,3
3603,3
3604,0
3605,10
3606,3
3607,2
3608,2
3609,0
3610,0
3611,3
3612,3
3613,6
3614,6
3615,3
3616,3
3617,11
3618,2
3619,6
3620,3
3621,0
3622,0
3623,2
3624,3
3625,0
3626,3
3627,0
3628,0
3629,3
3630,3
3631,0
3632,0
3633,5
3634,3
3635,0
3636,6
3637,3
3638,3
3639,10
3640,0
3641,3
3642,3
3643,6
3644,1
3645,3
3647,3
3648,0
3649,16
3650,3
3651,1
3652,3
3653,2
3654,3
3655,2
3656,2
3657,2
3658,5
3659,0
3660,2
3661,3
3662,1
3663,3
3664,5
3665,2
3666,1
3667,2
3668,10
3669,6
3670,4
3671,6
3672,6
3673,0
3674,0
3675,10
3676,2
3677,2
3678,3
3679,3
3680,2
3681,2
3682,0
3683,2
3684,3
3685,2
3686,4
3687,3
3688,3
3690,0
3691,0
3692,3
3693,2
3694,3
3695,10
3696,0
3697,10
3698,3
3699,6
3700,3
3701,0
3702,3
3703,1
3704,3
3705,3
3707,3
3708,6
3710,6
3711,5
3712,3
3713,0
3714,2
3715,1
3716,5
3717,0
3718,2
3719,3
3720,6
3721,2
3722,2
3723,1
3724,2
3725,2
3726,2
3727,3
3728,2
3729,0
3730,0
3731,10
3732,1
3733,6
3734,2
3735,2
3736,2
3737,3
3738,5
3739,3
3740,0
3741,0
3742,1
3743,0
3744,0
3745,0
3746,3
3747,0
3748,3
3749,0
3750,3
3751,4
3752,3
3753,3
3754,2
3755,10
3756,3
3757,3
3758,6
3759,2
3760,3
3761,0
3762,1
3763,0
3764,3
3765,3
3766,3
3767,3
3768,0
3769,5
3770,2
3771,5
3772,2
3773,3
3774,3
3775,2
3776,3
3778,0
3779,3
3780,3
3781,2
3782,3
3783,6
3784,4
3785,3
3786,3
3787,10
3788,0
3789,3
3790,0
3791,6
3792,3
3793,0
3794,0
3795,3
3796,0
3797,0
3798,3
3799,0
3800,0
3801,6
3802,3
3803,6
3804,3
3805,6
3806,6
3807,0
3808,3
3809,10
3810,0
3811,0
3812,6
3813,2
3814,3
3815,3
3816,0
3817,3
3818,6
3819,3
3820,3
3821,11
3822,3
3823,0
3824,0
3825,10
3826,3
3827,5
3828,3
3829,3
3830,0
3831,2
3832,11
3833,0
3834,0
3835,10
3836,2
3837,3
3838,6
3839,0
3840,3
3841,5
3842,3
3843,3
3844,1
3845,2
3846,2
3847,3
3848,0
3849,10
3850,10
3851,0
3852,3
3853,3
3854,6
3855,10
3856,0
3857,5
3858,2
3859,2
3860,3
3861,3
3862,6
3863,0
3864,3
3865,3
3866,2
3867,5
3868,6
3869,3
3870,0
3871,7
3872,7
3873,2
3874,4
3875,1
3876,10
3877,2
3878,3
3879,3
3880,3
3881,3
3882,2
3883,0
3884,3
3885,2
3886,4
3887,0
3888,0
3889,3
3890,0
3891,0
3892,2
3893,2
3894,0
3895,5
3896,3
3897,0
3898,2
3899,0
3900,2
3901,2
3902,3
3903,6
3904,0
3905,2
3906,0
3907,6
3908,5
3909,3
3910,3
3911,2
3912,2
3913,2
3914,2
3915,3
3916,1
3917,4
3918,2
3919,2
3920,3
3921,2
3922,6
3923,2
3924,2
3926,0
3927,10
3928,0
3929,3
3930,6
3931,3
3933,4
3935,3
3936,6
3937,0
3938,3
3940,0
3941,3
3942,0
3943,5
3944,0
3945,2
3946,3
3947,3
3948,10
3949,6
3950,2
3951,10
3952,1
3953,3
3954,0
3955,2
3956,10
3957,2
3958,3
3959,10
3960,0
3961,2
3962,0
3963,0
3964,0
3965,4
3966,10
3967,2
3968,0
3969,3
3970,2
3971,0
3972,3
3973,2
3974,0
3975,0
3976,3
3977,3
3978,3
3979,0
3980,0
3981,10
3982,3
3983,2
3984,2
3985,5
3986,5
3987,0
3988,0
3990,0
3991,3
3992,3
3993,3
3994,2
3995,0
3996,3
3997,3
3998,3
3999,3
4000,3
4001,0
4002,3
4003,0
4004,2
4005,4
4006,1
4007,0
4008,6
4009,0
4010,3
4011,2
4012,1
4013,6
4014,3
4015,0
4016,6
4017,3
4018,6
4019,3
4020,2
4021,3
4022,3
4023,0
4024,3
4025,0
4026,2
4027,3
4028,0
4029,3
4030,10
4031,3
4032,3
4033,0
4034,3
4035,3
4036,3
4037,6
4038,10
4039,1
4040,0
4041,3
4042,0
4043,3
4044,2
4045,2
4046,0
4047,5
4048,1
4049,2
4050,6
4051,2
4052,5
4053,0
4054,6
4055,6
4056,4
4057,0
4058,2
4059,2
4060,3
4061,1
4062,2
4063,2
4064,2
4065,6
4066,6
4067,3
4068,3
4069,2
4070,3
4071,3
4072,0
4073,10
4074,6
4076,2
4077,10
4078,3
4079,0
4080,10
4081,3
4082,2
4083,3
4084,2
4085,2
4086,2
4087,3
4088,2
4089,2
4090,3
4091,2
4092,0
4093,4
4094,3
4095,3
4096,10
4097,2
4098,5
4099,6
4100,3
4101,5
4102,2
4104,2
4105,2
4106,0
4107,6
4108,0
4109,3
4110,0
4111,4
4112,3
4113,3
4114,3
4115,3
4116,0
4117,6
4119,0
4120,2
4121,0
4122,3
4123,3
4124,2
4125,0
4126,5
4127,0
4128,3
4129,6
4130,6
4131,6
4132,3
4133,3
4134,2
4135,6
4136,1
4137,3
4138,1
4139,3
4140,4
4141,2
4142,3
4143,6
4144,2
4145,2
4146,0
4148,6
4149,0
4150,1
4151,3
4152,3
4153,0
4154,3
4155,0
4156,6
4157,2
4158,2
4159,0
4160,0
4161,6
4162,3
4163,0
4164,10
4165,3
4166,5
4167,2
4168,0
4169,0
4170,2
4171,3
4172,0
4173,3
4174,3
4175,5
4176,2
4177,2
4178,2
4179,6
4180,4
4181,3
4182,0
4183,1
4184,2
4185,6
4186,0
4187,6
4188,5
4189,3
4190,0
4191,1
4193,3
4194,0
4195,1
4196,0
4197,3
4198,0
4199,3
4200,3
4201,3
4202,2
4203,0
4204,1
4205,3
4206,2
4207,3
4208,10
4209,0
4210,3
4211,6
4212,0
4213,6
4214,4
4215,3
4216,3
4217,0
4218,10
4219,2
4220,0
4221,10
4222,3
4223,0
4224,2
4225,3
4226,2
4227,0
4228,5
4229,3
4230,2
4231,3
4232,2
4233,3
4234,0
4235,0
4236,6
4237,3
4238,2
4240,6
4241,6
4242,0
4243,6
4244,2
4245,2
4246,2
4247,3
4248,6
4249,3
4250,6
4251,2
4252,2
4253,2
4254,3
4255,10
4256,1
4257,2
4258,0
4259,6
4260,10
4261,2
4262,3
4263,0
4264,4
4265,2
4266,2
4267,1
4268,5
4269,2
4270,2
4271,2
4272,1
4273,0
4274,6
4275,2
4276,2
4277,1
4278,2
4279,2
4280,2
4281,4
4282,16
4283,2
4284,6
4285,1
4286,3
4287,16
4288,3
4289,3
4290,3
4291,2
4292,3
4293,2
4294,2
4295,0
4296,2
4297,3
4298,6
4299,1
4300,3
4301,2
4302,3
4303,3
4304,3
4305,1
4306,3
4307,5
4308,1
4309,10
4310,0
4311,2
4312,4
4313,6
4314,3
4315,2
4317,3
4318,3
4319,0
4320,3
4321,3
4322,4
4323,2
4324,6
4325,7
4326,2
4327,3
4328,6
4329,2
4330,3
4331,6
4332,4
4333,2
4334,0
4335,0
4336,3
4337,2
4338,3
4339,0
4340,6
4341,3
4342,10
4343,2
4344,5
4345,6
4346,2
4347,3
4348,3
4349,2
4350,0
4351,1
4352,4
4353,2
4354,2
4355,3
4356,0
4357,1
4358,0
4359,2
4360,3
4361,3
4362,0
4363,3
4364,3
4365,3
4366,3
4367,2
4368,0
4369,5
4370,2
4371,3
4372,6
4373,2
4374,0
4375,2
4376,10
4377,0
4378,0
4379,3
4380,2
4381,10
4382,3
4383,2
4384,3
4385,3
4386,2
4387,3
4388,2
4389,3
4390,2
4391,5
4392,3
4393,5
4394,3
4395,0
4396,3
4397,0
4398,2
4399,6
4400,3
4401,1
4402,3
4403,3
4404,3
4405,3
4406,0
4407,3
4408,10
4409,3
4410,3
4411,3
4412,0
4413,3
4414,6
4415,3
4416,3
4417,3
4418,0
4419,0
4420,3
4421,0
4422,4
4423,6
4424,5
4425,6
4426,0
4427,5
4428,10
4429,3
4430,5
4431,3
4432,2
4433,0
4434,2
4435,0
4436,0
4437,3
4438,3
4439,0
4440,3
4441,0
4442,3
4443,3
4444,3
4445,3
4446,3
4447,3
4448,3
4449,1
4450,0
4451,0
4452,2
4453,0
4454,3
4455,2
4456,10
4457,4
4458,6
4460,2
4461,2
4462,2
4463,10
4464,3
4465,0
4466,3
4467,0
4468,0
4469,0
4470,2
4471,2
4472,3
4473,3
4475,5
4476,3
4477,10
4479,2
4480,2
4481,0
4482,2
4483,2
4484,3
4485,2
4486,2
4487,1
4488,0
4490,0
4491,2
4492,2
4493,2
4494,0
4495,0
4496,2
4497,6
4498,1
4499,2
4500,2
4501,3
4502,3
4503,2
4504,3
4505,10
4506,0
4507,3
4508,0
4509,3
4510,3
4511,0
4512,10
4513,1
4514,3
4515,5
4516,6
4517,2
4518,3
4519,3
4520,3
4521,6
4522,2
4523,3
4524,0
4525,2
4526,5
4527,3
4528,0
4529,3
4530,5
4531,2
4532,3
4533,4
4534,2
4535,3
4536,2
4537,10
4538,1
4539,5
4540,6
4541,0
4542,3
4544,0
4545,2
4546,5
4547,2
4548,0
4549,3
4550,3
4551,3
4552,2
4553,0
4554,3
4555,3
4556,2
4557,2
4558,6
4559,2
4560,0
4561,0
4562,2
4563,3
4564,10
4565,3
4566,3
4567,3
4568,0
4569,0
4570,8
4571,2
4572,3
4573,6
4574,0
4575,2
4576,1
4577,3
4578,0
4579,6
4580,3
4581,6
4582,2
4583,3
4584,0
4585,0
4586,4
4587,3
4588,0
4589,3
4590,5
4591,3
4592,3
4593,3
4594,3
4595,3
4596,0
4597,2
4598,3
4599,3
4600,0
4601,4
4602,2
4603,10
4604,3
4605,3
4606,2
4607,0
4608,2
4609,5
4610,0
4611,0
4612,0
4613,5
4614,0
4615,3
4616,0
4617,3
4618,3
4619,0
4620,3
4621,3
4622,0
4623,0
4624,6
4625,6
4626,3
4627,5
4628,2
4629,2
4630,2
4631,2
4632,6
4633,0
4634,3
4635,10
4636,3
4637,3
4638,2
4639,3
4640,10
4641,10
4642,3
4643,3
4644,1
4645,3
4646,0
4647,0
4648,2
4649,1
4650,0
4651,6
4652,1
4653,2
4654,1
4655,3
4656,1
4657,2
4658,2
4659,2
4660,2
4661,1
4662,2
4663,6
4664,2
4665,2
4667,3
4668,0
4669,4
4670,1
4671,2
4672,10
4673,0
4674,3
4675,3
4676,14
4677,4
4678,2
4679,3
4680,6
4681,5
4682,5
4683,2
4684,3
4685,0
4686,2
4687,0
4688,4
4689,3
4690,1
4691,0
4692,10
4693,2
4694,2
4695,4
4696,2
4697,0
4698,5
4699,0
4700,2
4701,2
4702,6
4703,4
4704,3
4705,3
4706,3
4707,5
4708,3
4709,2
4711,10
4712,2
4713,6
4714,5
4715,2
4716,4
4717,3
4718,0
4719,2
4720,2
4721,2
4722,1
4723,2
4724,3
4725,3
4726,3
4727,3
4728,3
4729,2
4730,6
4731,3
4732,3
4733,3
4734,3
4735,3
4736,5
4737,0
4738,3
4739,4
4741,3
4742,10
4743,3
4744,2
4745,4
4746,0
4747,3
4748,2
4749,3
4750,1
4751,10
4752,1
4753,0
4754,3
4755,3
4756,0
4757,3
4758,2
4759,3
4761,3
4762,2
4763,0
4764,0
4765,6
4766,3
4767,3
4768,2
4769,2
4770,5
4771,0
4772,5
4773,3
4774,10
4775,3
4776,2
4777,1
4778,2
4779,1
4780,5
4781,2
4782,5
4783,3
4784,3
4785,0
4786,6
4787,5
4788,2
4789,6
4790,3
4791,3
4793,3
4794,6
4795,3
4796,3
4797,0
4798,0
4799,2
4801,0
4802,3
4803,2
4804,0
4805,2
4806,6
4807,0
4808,1
4811,0
4812,1
4813,2
4814,3
4815,3
4816,3
4817,0
4818,0
4819,0
4820,0
4821,3
4822,1
4823,0
4824,3
4825,3
4826,3
4827,2
4828,10
4829,3
4830,0
4831,3
4832,0
4833,6
4834,3
4835,0
4836,0
4837,3
4838,2
4839,0
4840,3
4841,3
4842,3
4843,3
4844,6
4845,2
4846,3
4847,0
4848,10
4849,2
4850,3
4851,2
4852,0
4853,2
4854,1
4855,2
4856,3
4857,0
4858,1
4859,16
4860,5
4861,3
4862,5
4863,1
4864,0
4865,1
4866,2
4867,5
4868,6
4870,3
4871,2
4872,3
4873,3
4874,2
4875,4
4876,0
4877,2
4878,2
4879,3
4880,3
4881,4
4882,0
4883,6
4884,6
4885,6
4886,2
4887,6
4888,3
4889,2
4890,3
4891,1
4892,1
4893,0
4894,3
4895,6
4896,2
4897,3
4898,2
4899,0
4900,2
4901,0
4902,10
4903,4
4904,3
4905,5
4906,3
4907,3
4908,1
4909,3
4910,0
4911,2
4912,2
4913,0
4914,5
4915,0
4916,3
4917,2
4918,6
4919,10
4920,4
4921,0
4922,10
4923,10
4924,3
4925,0
4926,3
4927,3
4928,3
4929,2
4930,10
4932,2
4933,4
4934,10
4935,2
4936,3
4937,3
4938,3
4939,6
4940,2
4941,1
4942,2
4943,3
4944,0
4945,2
4946,3
4947,3
4948,2
4949,3
4950,2
4951,0
4952,4
4953,10
4954,1
4955,0
4956,2
4957,0
4958,3
4959,10
4960,3
4961,7
4962,0
4963,4
4964,6
4965,3
4966,3
4967,2
4968,5
4969,2
4970,0
4971,3
4972,0
4973,3
4974,3
4975,2
4976,0
4977,3
4978,2
4979,5
4980,0
4981,5
4982,0
4983,10
4984,10
4985,2
4986,1
4987,2
4988,0
4989,3
4990,2
4991,5
4992,3
4993,10
4994,10
4995,1
4996,0
4997,5
4998,4
4999,3
5000,2
5001,3
5002,3
5003,0
5004,5
5005,2
5006,3
5007,2
5009,3
5010,5
5011,0
5012,10
5013,5
5015,0
5016,5
5017,10
5018,5
5019,3
5020,0
5021,1
5022,5
5023,3
5025,3
5026,3
5027,1
5028,3
5029,3
5031,6
5032,10
5033,3
5034,0
5035,0
5036,0
5037,4
5038,3
5039,2
5040,2
5041,2
5042,1
5043,10
5044,0
5045,6
5046,1
5047,6
5048,6
5049,6
5050,3
5051,2
5052,2
5053,1
5054,10
5055,0
5056,2
5057,5
5058,2
5059,2
5060,2
5061,2
5062,2
5064,3
5065,4
5066,2
5067,3
5068,4
5070,3
5071,0
5072,2
5073,2
5074,3
5075,1
5076,0
5077,3
5078,6
5079,4
5080,2
5081,2
5082,3
5083,6
5084,10
5085,2
5086,2
5087,0
5088,6
5089,3
5090,10
5091,2
5092,2
5093,6
5094,4
5095,10
5096,3
5097,2
5098,10
5099,7
5100,2
5101,5
5102,3
5103,4
5104,2
5105,1
5106,2
5107,0
5108,4
5109,1
5110,10
5111,6
5112,1
5113,0
5114,5
5115,4
5116,5
5117,6
5118,6
5119,10
5120,3
5121,3
5122,2
5123,3
5124,0
5125,3
5126,2
5127,6
5128,0
5129,10
5130,2
5131,3
5132,2
5133,6
5134,4
5135,0
5136,3
5137,6
5138,2
5139,3
5140,0
5141,3
5142,6
5143,5
5144,3
5145,6
5146,2
5147,3
5148,3
5150,6
5151,2
5152,3
5153,2
5154,5
5155,0
5156,2
5157,0
5158,5
5159,3
5160,1
5161,3
5162,10
5163,4
5164,0
5166,3
5167,0
5168,0
5169,3
5170,0
5171,5
5172,5
5173,2
5174,3
5175,2
5176,3
5177,2
5178,0
5179,2
5180,1
5181,2
5182,5
5183,0
5184,3
5185,0
5186,0
5187,2
5188,0
5189,3
5190,0
5191,6
5192,4
5193,9
5194,6
5195,3
5196,10
5197,5
5198,3
5199,0
5200,6
5201,3
5202,2
5203,3
5204,3
5205,0
5206,3
5207,3
5208,6
5209,6
5210,3
5211,6
5212,2
5213,2
5214,7
5215,10
5216,2
5217,3
5218,0
5219,0
5220,6
5221,0
5222,3
5223,3
5224,0
5225,3
5226,0
5227,3
5228,6
5229,2
5230,2
5231,3
5232,0
5233,3
5234,0
5235,0
5236,3
5237,6
5238,5
5239,3
5240,2
5241,1
5242,2
5243,0
5244,2
5246,2
5247,2
5248,10
5249,2
5250,3
5251,2
5252,3
5253,4
5254,2
5255,2
5256,0
5257,2
5258,3
5259,0
5260,3
5261,10
5262,3
5263,0
5264,3
5265,3
5266,3
5267,0
5268,3
5269,2
5270,0
5271,5
5272,0
5273,0
5274,2
5275,4
5276,0
5277,0
5278,2
5279,5
5280,2
5281,1
5282,5
5283,6
5284,2
5285,2
5286,2
5287,2
5288,14
5289,10
5290,3
5291,2
5292,2
5293,2
5294,0
5295,0
5296,3
5297,6
5298,3
5299,2
5300,3
5301,3
5302,2
5303,2
5304,1
5305,3
5306,2
5307,3
5308,2
5309,10
5310,2
5311,2
5312,6
5313,2
5314,2
5315,2
5316,3
5317,2
5318,0
5319,3
5320,2
5321,0
5322,3
5323,2
5324,2
5325,2
5326,0
5327,5
5328,10
5329,2
5330,3
5331,3
5332,3
5333,0
5334,3
5335,4
5336,2
5337,6
5338,3
5339,5
5340,10
5341,3
5342,3
5343,0
5344,1
5345,2
5346,4
5347,2
5348,3
5349,3
5350,2
5351,1
5352,2
5353,2
5354,5
5355,3
5356,6
5357,2
5358,3
5359,5
5360,2
5362,3
5363,0
5364,6
5365,3
5366,3
5367,10
5368,4
5369,1
5370,3
5371,1
5372,1
5373,4
5374,2
5375,0
5376,3
5377,3
5378,6
5379,0
5380,5
5381,5
5382,0
5383,1
5384,5
5385,6
5386,0
5387,0
5388,2
5389,2
5390,2
5391,2
5392,11
5393,4
5394,6
5395,2
5396,6
5397,0
5398,3
5399,6
5400,6
5401,1
5402,0
5403,3
5404,4
5405,6
5406,6
5407,0
5408,2
5409,3
5410,3
5411,6
5412,5
5413,7
5414,3
5415,1
5416,10
5417,0
5418,0
5419,3
5420,6
5421,0
5422,10
5423,3
5424,6
5425,3
5426,3
5427,5
5428,3
5429,2
5430,3
5431,1
5432,2
5433,2
5434,10
5435,3
5436,3
5437,1
5438,6
5439,3
5440,0
5441,3
5442,0
5443,6
5444,1
5445,2
5446,2
5447,3
5448,2
5449,2
5450,2
5451,3
5452,2
5453,3
5454,2
5455,0
5456,6
5457,1
5458,3
5459,2
5460,2
5461,5
5462,10
5463,2
5464,10
5465,2
5466,4
5467,3
5468,1
5469,2
5470,3
5471,1
5472,0
5474,10
5475,2
5476,10
5477,0
5478,3
5479,5
5480,4
5481,2
5482,3
5483,0
5484,0
5485,3
5486,2
5487,3
5488,0
5489,2
5490,0
5491,0
5492,0
5493,2
5494,10
5495,2
5496,3
5497,0
5498,4
5499,4
5500,6
5502,1
5503,4
5504,2
5505,1
5506,1
5507,3
5508,3
5509,0
5510,0
5511,10
5512,0
5513,5
5514,6
5515,3
5516,3
5517,4
5518,3
5519,3
5520,4
5521,2
5522,3
5523,2
5524,0
5525,0
5526,3
5527,2
5528,3
5529,4
5530,2
5531,3
5533,2
5534,0
5535,1
5536,3
5537,2
5538,0
5539,0
5540,10
5541,2
5542,2
5543,0
5545,5
5546,3
5547,2
5548,10
5549,5
5550,0
5551,6
5552,0
5553,3
5554,2
5555,2
5556,3
5557,4
5558,0
5559,2
5560,0
5561,0
5562,0
5563,2
5564,0
5566,3
5567,3
5569,0
5570,5
5571,3
5572,3
5573,3
5574,5
5575,0
5576,2
5577,3
5578,0
5579,5
5580,6
5581,2
5582,2
5583,3
5584,0
5585,2
5586,3
5587,3
5588,0
5589,10
5590,2
5591,3
5593,0
5594,4
5595,3
5596,10
5597,1
5598,3
5599,10
5600,3
5601,1
5602,0
5603,6
5604,3
5605,3
5606,5
5607,2
5608,3
5609,2
5610,5
5611,3
5612,10
5613,6
5614,3
5615,10
5616,1
5617,3
5618,5
5619,3
5620,10
5621,0
5622,2
5623,5
5624,3
5625,2
5626,6
5627,3
5628,10
5629,6
5630,3
5631,3
5632,2
5633,1
5634,2
5635,0
5636,0
5637,2
5638,5
5639,1
5640,3
5641,0
5642,0
5643,4
5644,2
5645,2
5646,16
5647,2
5648,3
5649,3
5650,2
5651,0
5652,6
5653,1
5654,3
5655,5
5656,2
5657,1
5658,4
5659,10
5660,2
5661,4
5662,2
5663,10
5664,6
5665,0
5666,3
5667,0
5668,1
5669,10
5670,3
5671,0
5672,2
5673,2
5674,1
5676,2
5677,0
5678,2
5679,3
5680,5
5681,2
5682,2
5683,2
5684,3
5685,2
5686,10
5687,2
5688,3
5689,5
5690,5
5691,2
5692,0
5693,10
5694,2
5695,2
5697,5
5698,2
5699,2
5700,6
5701,3
5702,2
5703,10
5704,0
5705,2
5706,0
5707,2
5708,0
5709,2
5710,2
5711,3
5712,0
5714,2
5715,2
5716,3
5717,1
5718,2
5719,3
5720,3
5721,4
5722,2
5723,2
5724,2
5725,3
5726,4
5727,10
5728,1
5729,6
5730,0
5731,0
5732,3
5733,3
5734,3
5735,3
5736,3
5737,5
5738,2
5739,2
5740,1
5741,4
5742,6
5743,2
5744,0
5745,2
5746,2
5747,3
5748,0
5749,3
5750,1
5751,0
5752,3
5753,3
5754,3
5755,10
5756,1
5757,3
5758,3
5759,3
5761,3
5762,3
5763,2
5764,0
5765,0
5766,0
5767,2
5768,3
5769,0
5770,3
5771,2
5772,2
5773,2
5774,3
5775,6
5776,2
5777,3
5778,3
5779,3
5780,5
5781,2
5783,2
5784,0
5785,2
5786,3
5787,3
5788,5
5789,3
5790,2
5791,0
5792,3
5793,10
5794,0
5795,1
5796,5
5798,0
5799,0
5800,0
5801,3
5802,4
5803,6
5804,3
5805,3
5806,0
5807,3
5808,4
5809,3
5810,6
5812,6
5813,3
5814,0
5815,0
5816,7
5817,0
5818,3
5819,0
5820,2
5821,0
5822,4
5823,3
5824,3
5825,6
5826,3
5827,3
5828,3
5829,0
5830,10
5831,4
5832,0
5833,2
5834,2
5835,3
5836,0
5837,0
5838,3
5839,5
5840,6
5841,0
5842,3
5843,0
5844,2
5845,2
5846,1
5847,0
5848,3
5849,2
5850,3
5851,5
5853,3
5854,5
5855,6
5856,2
5857,4
5858,0
5859,3
5860,3
5861,2
5862,2
5863,2
5864,10
5865,3
5866,2
5867,2
5868,0
5869,3
5870,2
5871,0
5872,4
5873,0
5874,2
5875,16
5876,0
5877,9
5878,2
5879,2
5880,2
5881,0
5882,1
5884,10
5885,10
5886,0
5887,2
5888,2
5889,3
5890,10
5891,0
5892,2
5894,0
5895,2
5896,1
5897,3
5898,2
5899,1
5900,6
5901,2
5902,3
5903,2
5904,0
5905,0
5906,11
5907,3
5908,0
5909,0
5910,6
5912,5
5913,2
5914,3
5915,2
5916,0
5917,0
5918,2
5919,3
5920,3
5921,10
5922,2
5923,2
5924,2
5926,4
5927,3
5928,1
5930,2
5931,3
5932,3
5933,3
5934,3
5935,3
5936,2
5937,3
5938,3
5939,2
5940,2
5941,2
5942,2
5943,2
5944,4
5945,5
5946,0
5947,2
5948,5
5949,1
5950,10
5951,0
5953,5
5954,3
5955,0
5956,0
5957,5
5958,3
5959,4
5961,2
5962,3
5963,3
5964,10
5965,2
5966,3
5967,2
5968,3
5969,3
5970,5
5971,0
5972,0
5973,0
5974,3
5975,0
5976,10
5977,10
5978,0
5979,0
5980,5
5981,1
5982,3
5983,5
5984,2
5985,0
5986,10
5987,2
5988,2
5989,3
5990,10
5991,0
5992,7
5993,0
5994,3
5995,1
5996,0
5997,3
5998,0
5999,0
6000,3
6001,1
6002,10
6003,0
6004,3
6005,0
6006,0
6007,2
6008,3
6009,2
6010,2
6011,2
6013,2
6014,10
6015,2
6016,5
6017,3
6018,3
6019,6
6020,3
6021,3
6022,2
6023,0
6024,0
6025,4
6026,0
6027,10
6028,0
6029,0
6030,0
6031,0
6032,10
6033,5
6034,0
6035,2
6037,3
6038,0
6039,2
6040,0
6041,6
6042,3
6043,0
6045,0
6046,1
6047,2
6048,2
6049,3
6050,3
6051,0
6052,1
6053,3
6054,0
6055,5
6056,1
6057,2
6058,0
6059,2
6060,2
6061,0
6062,2
6064,3
6065,2
6066,0
6067,2
6068,6
6069,0
6070,2
6071,3
6072,4
6073,2
6074,3
6075,5
6076,10
6077,6
6078,2
6079,3
6080,2
6081,2
6082,3
6083,10
6084,6
6085,6
6086,2
6087,3
6088,2
6089,1
6090,0
6091,2
6092,2
6093,10
6096,3
6097,3
6098,6
6099,1
6101,2
6102,2
6103,2
6104,3
6105,3
6106,3
6107,3
6108,2
6109,3
6110,1
6112,2
6113,2
6114,0
6115,10
6116,2
6117,10
6118,0
6119,10
6120,5
6121,4
6122,0
6123,3
6124,10
6125,3
6126,0
6127,5
6128,0
6129,3
6130,3
6131,0
6132,2
6133,6
6134,0
6135,0
6136,2
6137,2
6138,1
6139,1
6140,2
6141,3
6142,2
6143,3
6144,10
6145,4
6146,4
6147,1
6148,0
6149,5
6150,4
6151,0
6152,3
6153,3
6154,6
6155,4
6156,2
6158,3
6159,2
6160,0
6161,3
6162,0
6163,2
6164,4
6165,3
6166,3
6167,3
6168,10
6169,2
6170,0
6171,0
6172,2
6173,6
6174,3
6175,10
6176,5
6177,3
6178,3
6180,4
6181,0
6182,0
6183,3
6184,0
6185,3
6186,2
6188,1
6189,2
6190,0
6191,2
6192,4
6193,0
6194,2
6195,5
6196,2
6197,3
6198,3
6199,16
6200,3
6201,6
6202,3
6203,2
6204,1
6205,4
6207,0
6209,0
6211,3
6212,2
6213,0
6214,0
6215,1
6216,10
6217,4
6218,3
6219,6
6220,3
6221,3
6222,3
6223,2
6224,2
6225,3
6226,3
6227,6
6228,3
6229,3
6230,0
6231,10
6232,0
6234,0
6235,3
6236,5
6237,0
6238,4
6240,1
6241,0
6242,3
6243,3
6244,5
6245,2
6246,4
6247,6
6248,2
6249,4
6250,3
6251,2
6252,0
6253,3
6254,1
6255,2
6256,0
6257,0
6258,3
6259,0
6260,2
6261,3
6262,2
6264,0
6265,6
6266,1
6268,10
6269,3
6270,6
6271,2
6272,3
6273,0
6274,2
6275,2
6276,2
6277,3
6278,2
6279,5
6280,2
6281,5
6282,1
6283,2
6284,10
6285,3
6286,3
6287,3
6288,2
6289,2
6290,1
6291,4
6292,2
6293,0
6294,2
6295,2
6296,1
6297,2
6299,2
6300,0
6301,2
6302,3
6303,3
6304,0
6305,2
6306,7
6307,2
6308,2
6309,2
6310,2
6311,4
6312,10
6313,2
6314,0
6315,2
6316,3
6317,1
6318,3
6319,0
6320,0
6321,2
6322,3
6323,0
6324,0
6325,0
6326,3
6327,4
6328,0
6329,6
6330,2
6331,6
6332,3
6333,2
6334,3
6335,3
6336,0
6337,2
6339,10
6340,3
6341,2
6342,3
6343,6
6344,2
6345,4
6346,2
6347,5
6348,3
6349,2
6350,5
6351,2
6352,2
6353,2
6354,0
6355,2
6356,3
6357,5
6358,6
6359,2
6360,3
6361,3
6362,4
6363,0
6364,5
6365,0
6366,3
6367,5
6368,5
6369,3
6370,10
6371,3
6373,6
6374,3
6375,3
6376,3
6377,10
6378,10
6379,1
6380,6
6381,10
6382,4
6383,1
6384,1
6385,5
6386,0
6387,6
6388,2
6389,3
6390,2
6392,0
6393,5
6394,2
6395,3
6396,3
6397,3
6398,5
6399,2
6400,10
6401,3
6402,5
6403,0
6404,3
6405,5
6406,0
6407,5
6408,2
6409,0
6410,3
6411,6
6412,3
6413,0
6414,0
6415,6
6416,3
6417,10
6418,3
6419,0
6420,2
6421,0
6422,0
6423,0
6424,6
6425,0
6426,0
6427,0
6428,4
6429,2
6430,10
6431,5
6432,0
6433,3
6434,1
6435,3
6436,3
6437,6
6438,2
6439,6
6440,0
6441,2
6442,2
6443,2
6444,2
6445,1
6446,2
6447,2
6448,0
6449,2
6450,1
6451,0
6452,2
6453,0
6454,2
6455,6
6456,1
6457,2
6458,2
6459,2
6460,1
6461,3
6462,5
6463,2
6464,2
6465,2
6466,2
6467,3
6468,4
6469,3
6471,6
6474,0
6475,2
6476,2
6477,3
6478,10
6479,2
6480,2
6481,1
6482,2
6483,10
6484,2
6485,3
6486,1
6487,0
6488,4
6489,4
6490,0
6491,5
6492,2
6493,2
6494,6
6495,2
6496,3
6498,0
6499,3
6500,3
6501,3
6502,1
6503,5
6504,2
6507,2
6508,2
6509,2
6510,2
6511,2
6512,3
6513,0
6514,3
6515,3
6516,10
6517,2
6518,2
6519,2
6520,10
6521,2
6522,2
6523,3
6524,2
6525,10
6526,2
6527,0
6528,3
6529,3
6530,2
6531,10
6532,2
6533,0
6534,5
6535,2
6536,10
6537,4
6538,2
6539,2
6540,4
6541,0
6542,2
6544,3
6545,0
6546,5
6547,2
6548,2
6549,2
6550,2
6551,2
6552,2
6553,3
6554,0
6555,1
6556,3
6557,2
6558,2
6559,3
6560,0
6561,16
6562,6
6563,4
6564,0
6565,3
6566,0
6567,3
6568,0
6569,3
6570,2
6571,0
6572,2
6573,4
6574,5
6575,5
6576,0
6577,0
6578,5
6579,6
6580,5
6581,3
6582,5
6583,3
6584,0
6585,3
6586,3
6587,6
6588,0
6589,2
6590,1
6591,3
6592,2
6593,5
6594,2
6595,3
6596,3
6597,2
6598,5
6599,0
6600,2
6601,0
6602,0
6603,10
6604,10
6605,3
6606,2
6607,3
6608,2
6609,3
6610,0
6611,0
6612,3
6613,10
6614,1
6615,4
6616,2
6617,3
6620,0
6621,0
6622,5
6623,3
6624,3
6625,5
6626,0
6627,4
6628,5
6629,3
6630,0
6631,0
6632,3
6633,0
6634,3
6635,6
6636,0
6637,10
6638,3
6639,0
6640,0
6641,0
6642,3
6643,3
6644,2
6645,2
6646,0
6647,2
6648,6
6649,2
6650,0
6651,2
6652,0
6653,5
6654,2
6655,2
6656,1
6657,0
6658,10
6659,5
6660,2
6661,2
6662,2
6663,0
6664,2
6665,3
6666,2
6667,0
6669,2
6670,0
6671,2
6672,3
6673,3
6674,2
6675,2
6676,2
6677,2
6679,2
6680,4
6681,1
6682,0
6683,0
6684,5
6685,3
6686,10
6687,2
6688,5
6689,10
6690,3
6691,2
6692,3
6693,2
6694,0
6695,5
6696,2
6697,5
6698,0
6700,14
6701,2
6702,3
6703,2
6704,0
6705,2
6706,4
6707,3
6708,10
6709,0
6710,0
6713,3
6714,2
6715,3
6716,5
6717,2
6718,2
6719,5
6721,0
6722,3
6723,2
6724,3
6725,1
6726,2
6727,3
6728,0
6729,3
6730,2
6731,2
6732,3
6733,3
6734,5
6735,10
6736,0
6737,5
6738,0
6739,0
6740,4
6741,1
6742,3
6743,2
6744,0
6745,3
6746,3
6747,6
6748,3
6749,2
6750,1
6751,5
6752,10
6753,6
6754,2
6755,3
6756,0
6757,3
6758,3
6759,5
6760,3
6761,0
6762,2
6763,3
6764,1
6765,4
6766,0
6767,10
6768,4
6769,3
6770,6
6771,2
6772,5
6773,5
6774,2
6775,3
6776,3
6778,3
6779,0
6780,0
6781,3
6782,2
6783,0
6784,2
6785,3
6786,0
6787,0
6788,6
6789,5
6790,5
6791,2
6792,0
6793,0
6794,1
6795,0
6797,3
6798,2
6799,0
6800,2
6801,3
6802,0
6803,0
6804,2
6805,5
6806,10
6807,10
6808,3
6809,0
6810,10
6811,4
6812,3
6813,5
6814,10
6815,0
6816,4
6817,0
6818,4
6819,3
6820,2
6821,2
6822,5
6823,6
6824,0
6825,1
6826,0
6827,2
6828,3
6829,3
6830,3
6831,2
6832,3
6833,3
6834,3
6835,5
6836,0
6837,0
6838,2
6839,2
6840,0
6841,0
6842,2
6843,0
6844,3
6845,2
6846,2
6847,2
6848,2
6849,2
6850,2
6851,4
6852,0
6853,6
6854,0
6855,10
6856,0
6857,2
6858,3
6859,2
6861,3
6862,4
6864,10
6865,2
6866,5
6867,0
6868,2
6869,0
6870,2
6871,2
6872,10
6873,10
6874,2
6875,2
6876,0
6877,1
6878,1
6879,2
6880,2
6881,2
6882,2
6883,2
6884,5
6885,10
6886,6
6887,2
6888,2
6890,2
6891,4
6892,0
6893,2
6894,0
6895,2
6896,5
6897,2
6898,0
6899,1
6900,2
6901,1
6902,5
6903,2
6904,2
6905,0
6907,2
6908,5
6909,10
6910,5
6911,0
6912,3
6913,2
6914,2
6915,3
6916,3
6917,5
6918,2
6919,2
6920,2
6921,2
6922,0
6923,5
6924,2
6925,2
6926,5
6927,3
6928,0
6929,2
6930,3
6931,3
6932,2
6933,10
6934,2
6935,3
6936,3
6937,2
6938,3
6939,3
6940,0
6941,4
6942,0
6943,1
6944,2
6945,10
6946,2
6947,2
6948,5
6949,10
6950,3
6951,6
6952,3
6953,2
6954,2
6955,6
6956,3
6957,2
6958,2
6959,5
6960,3
6961,4
6962,1
6963,2
6964,0
6965,10
6966,2
6967,2
6968,2
6969,3
6970,0
6971,2
6972,3
6973,5
6974,3
6975,2
6976,4
6977,0
6978,3
6979,2
6980,2
6981,5
6982,6
6983,2
6984,4
6985,2
6986,0
6987,10
6988,1
6989,2
6990,10
6991,3
6992,4
6993,0
6994,2
6995,10
6996,2
6997,3
6998,3
6999,3
7000,5
7001,10
7002,10
7003,0
7004,3
7005,0
7006,0
7007,4
7008,6
7009,10
7010,3
7011,3
7012,3
7013,3
7014,3
7015,2
7016,0
7017,6
7018,3
7019,5
7020,5
7021,5
7022,0
7023,0
7024,4
7025,10
7026,3
7027,5
7028,0
7029,5
7030,3
7031,2
7032,6
7033,0
7034,10
7035,5
7036,5
7037,0
7038,6
7039,6
7040,0
7041,3
7042,4
7043,0
7044,2
7045,5
7046,2
7047,4
7048,2
7049,2
7050,2
7051,5
7052,2
7053,2
7054,0
7055,3
7056,2
7057,4
7058,2
7059,10
7060,2
7061,10
7062,2
7063,2
7064,4
7065,2
7066,0
7067,2
7068,0
7069,2
7070,1
7071,0
7072,2
7074,2
7075,3
7076,2
7077,6
7078,5
7079,2
7080,6
7081,6
7082,2
7083,3
7084,0
7085,3
7086,0
7087,3
7088,2
7089,6
7091,3
7092,5
7093,0
7094,2
7095,2
7096,3
7097,2
7098,6
7099,0
7101,3
7102,0
7103,0
7104,3
7105,0
7106,4
7107,2
7108,2
7109,2
7110,0
7111,10
7112,3
7113,2
7115,2
7116,10
7117,2
7118,0
7119,5
7120,10
7121,1
7122,3
7123,0
7124,3
7125,2
7127,6
7128,6
7129,5
7130,1
7131,0
7132,0
7133,0
7134,2
7135,2
7136,3
7137,5
7138,3
7139,0
7140,4
7141,10
7142,3
7143,0
7144,0
7145,0
7146,10
7147,3
7149,10
7150,1
7151,10
7152,0
7153,0
7154,2
7155,0
7156,3
7157,0
7158,5
7159,0
7160,6
7161,5
7162,3
7163,5
7164,1
7165,0
7166,3
7167,0
7168,0
7170,0
7171,3
7172,5
7173,0
7174,0
7175,10
7176,5
7177,3
7178,0
7179,5
7180,3
7181,0
7182,6
7183,3
7184,5
7185,5
7186,2
7187,0
7188,0
7189,5
7190,4
7191,0
7192,2
7193,5
7194,0
7195,2
7196,3
7197,0
7198,10
7199,0
7200,1
7201,6
7202,2
7203,6
7204,5
7205,3
7206,2
7207,3
7208,1
7209,5
7211,5
7212,3
7213,3
7214,2
7215,10
7216,0
7217,5
7218,0
7219,0
7220,5
7221,3
7222,0
7223,10
7224,3
7225,0
7226,6
7227,2
7228,0
7229,5
7230,5
7231,0
7232,1
7233,2
7234,3
7235,0
7236,0
7237,1
7238,2
7239,3
7240,4
7241,3
7242,0
7243,2
7244,0
7245,2
7246,2
7247,5
7248,2
7249,0
7250,3
7251,2
7252,2
7253,10
7254,2
7256,5
7257,3
7258,2
7259,5
7260,2
7261,6
7262,2
7263,0
7264,6
7265,2
7266,1
7267,2
7268,0
7269,3
7270,2
7271,3
7272,2
7273,3
7274,2
7275,7
7276,5
7277,2
7278,4
7279,2
7280,0
7282,10
7283,2
7284,6
7285,0
7286,4
7287,5
7288,2
7289,0
7290,2
7291,2
7292,5
7293,2
7294,6
7295,6
7296,10
7297,1
7298,2
7299,6
7300,6
7302,5
7303,0
7304,2
7305,3
7306,3
7307,1
7308,2
7309,5
7310,10
7311,2
7312,10
7313,2
7314,2
7315,2
7316,5
7317,10
7318,2
7319,2
7320,2
7321,2
7322,2
7323,5
7324,0
7326,6
7327,3
7328,0
7329,6
7330,0
7331,0
7332,0
7333,3
7334,4
7335,2
7336,1
7337,0
7338,5
7339,6
7340,3
7341,6
7342,1
7343,0
7344,3
7345,2
7346,4
7347,5
7348,0
7349,3
7350,2
7351,3
7352,2
7353,3
7354,2
7355,0
7356,4
7357,2
7358,5
7360,0
7361,1
7362,1
7363,6
7364,6
7365,2
7366,3
7367,5
7368,3
7369,5
7370,5
7371,1
7372,2
7373,0
7374,0
7375,4
7376,5
7377,5
7378,5
7379,0
7380,5
7381,2
7382,2
7383,0
7384,5
7385,3
7386,5
7387,10
7388,1
7389,5
7390,5
7391,6
7392,6
7393,2
7394,2
7395,4
7396,1
7397,3
7398,2
7399,3
7401,5
7402,10
7403,4
7404,5
7405,3
7406,3
7407,3
7408,4
7409,0
7410,6
7411,10
7412,5
7413,5
7414,5
7415,3
7416,3
7417,6
7418,5
7419,0
7420,4
7421,3
7422,3
7423,0
7424,0
7425,3
7427,0
7428,5
7429,2
7430,10
7431,5
7432,0
7433,10
7434,3
7435,2
7436,0
7437,5
7438,10
7439,2
7441,2
7442,10
7443,0
7444,0
7445,3
7446,2
7447,5
7449,2
7450,3
7451,6
7452,3
7454,2
7455,3
7456,2
7457,2
7458,0
7459,2
7460,3
7461,2
7462,0
7463,0
7464,2
7465,2
7466,5
7467,0
7468,2
7469,2
7470,4
7471,2
7473,2
7474,0
7475,2
7476,3
7477,1
7478,0
7479,5
7480,5
7483,3
7484,2
7485,5
7486,3
7488,0
7489,10
7490,2
7491,3
7492,2
7493,2
7494,2
7495,10
7496,0
7497,1
7498,1
7499,1
7500,4
7501,0
7502,2
7503,2
7504,4
7505,2
7506,3
7508,0
7509,5
7510,10
7511,2
7513,1
7514,0
7515,10
7516,4
7517,2
7518,1
7519,14
7520,10
7521,3
7523,1
7524,2
7525,3
7526,10
7528,3
7529,10
7531,0
7532,0
7533,3
7534,1
7535,3
7536,3
7538,3
7539,2
7540,3
7541,2
7542,3
7543,3
7544,3
7545,2
7546,10
7547,0
7548,3
7549,2
7550,1
7551,0
7552,10
7553,5
7554,0
7555,3
7556,3
7558,2
7559,1
7560,5
7561,10
7562,2
7563,6
7564,0
7565,2
7566,2
7567,2
7568,0
7569,10
7570,5
7571,3
7572,3
7573,7
7574,10
7575,0
7576,0
7577,6
7578,0
7579,6
7580,3
7581,6
7582,2
7583,0
7584,0
7585,3
7586,0
7587,2
7588,0
7589,7
7590,2
7591,2
7592,2
7593,0
7594,0
7595,5
7596,2
7597,2
7598,3
7599,3
7600,0
7601,17
7602,10
7603,3
7604,10
7605,0
7606,3
7607,2
7608,2
7609,0
7610,3
7611,4
7612,2
7613,2
7614,18
7615,6
7616,4
7617,2
7618,18
7619,0
7620,2
7621,3
7622,3
7623,2
7625,2
7626,3
7627,3
7628,2
7629,6
7630,0
7631,0
7632,0
7633,10
7634,3
7635,0
7636,0
7637,1
7638,2
7639,2
7640,8
7641,2
7642,0
7643,0
7644,2
7645,2
7646,2
7647,0
7648,10
7649,2
7650,2
7651,1
7652,1
7653,2
7654,6
7655,9
7656,10
7657,3
7658,0
7659,0
7660,4
7661,3
7662,0
7663,2
7664,0
7665,3
7666,0
7667,0
7668,4
7669,2
7669,1
7669,7
7670,2
7670,1
7670,7
7671,2
7671,1
7671,9
7673,2
7673,6
7673,14
7674,2
7674,1
7674,7
7675,2
7675,1
7675,14
7676,10
7676,1
7676,3
7677,1
7677,3
7677,7
7678,2
7678,1
7678,3
7679,2
7679,1
7679,3
7681,2
7681,9
7681,14
7682,10
7682,1
7682,3
7683,4
7683,14
7684,1
7684,3
7684,6
7685,10
7685,1
7685,3
7686,4
7686,16
7686,14
7688,10
7688,1
7688,3
7689,10
7689,1
7689,3
7690,2
7690,1
7690,3
7691,10
7691,2
7691,1
7692,6
7692,0
7693,1
7693,3
7693,8
7694,0
7694,4
7694,16
7695,10
7695,1
7695,3
7696,2
7696,4
7696,14
7698,10
7698,1
7698,3
7699,10
7699,2
7699,1
7700,6
7700,0
7700,18
7701,2
7701,9
7702,2
7702,1
7702,14
7703,0
7703,18
7703,11
7704,2
7704,6
7704,0
7705,2
7705,6
7705,14
7706,2
7706,1
7706,4
7707,5
7707,0
7707,12
7708,6
7708,0
7708,4
7709,10
7709,1
7709,3
7710,10
7710,1
7710,3
7711,1
7711,0
7711,7
7712,2
7712,4
7712,9
7713,3
7713,0
7713,11
7714,3
7714,0
7714,11
7715,2
7715,1
7715,14
7717,6
7717,0
7717,16
7718,0
7718,18
7719,5
7719,0
7719,17
7720,6
7720,0
7720,14
7721,6
7721,4
7721,16
7722,12
7723,2
7723,1
7723,7
7724,6
7724,0
7724,14
7725,2
7725,0
7725,15
7726,0
7726,4
7726,16
7727,0
7727,14
7728,0
7728,4
7728,16
7729,5
7729,0
7729,15
7730,6
7730,0
7731,2
7731,14
7732,2
7732,6
7732,0
7733,5
7733,0
7734,0
7735,5
7735,0
7735,15
7736,19
7737,2
7737,6
7737,14
7738,4
7739,0
7739,17
7740,16
7740,11
7740,9
7741,15
7741,17
7742,0
7742,16
7742,14
7743,0
7743,8
7744,1
7744,9
7744,14
7745,2
7745,3
7745,4
7746,3
7746,0
7747,0
7747,11
7748,0
7748,7
7748,4
7749,6
7749,0
7749,14
7750,1
7750,0
7751,5
7751,0
7751,11
7752,19
7752,12
7753,0
7753,11
7754,20
7754,0
7755,3
7755,0
7755,11
7756,19
7756,0
7757,21
7758,0
7758,4
7758,9
7759,3
7760,3
7760,0
7760,11
7762,4
7762,9
7762,14
7763,3
7763,0
7764,11
7764,14
7765,3
7765,11
7766,19
7767,2
7767,1
7767,0
7768,19
7769,5
7769,0
7769,14
7770,0
7771,19
7771,2
7771,16
7772,18
7773,19
7773,5
7773,3
7774,3
7774,4
7774,16
7775,0
7775,14
7776,0
7776,17
7777,3
7778,19
7779,6
7779,0
7780,2
7780,3
7780,4
7781,19
7782,19
7783,5
7783,0
7783,15
7784,3
7784,0
7784,8
7785,19
7785,10
7787,3
7788,0
7789,19
7789,5
7790,3
7792,19
7792,1
7792,5
7793,0
7794,2
7794,3
7794,6
7795,3
7795,0
7796,21
7797,19
7797,5
7798,4
7799,10
7799,20
7801,2
7801,14
7802,0
7803,0
7804,13
7806,2
7806,0
7806,11
7807,0
7807,7
7807,4
7808,0
7808,11
7808,9
7809,4
7809,14
7810,3
7811,20
7811,0
7811,4
7812,3
7812,0
7812,14
7813,19
7813,1
7814,3
7814,8
7815,2
7815,1
7815,14
7816,0
7816,11
7817,6
7817,0
7817,14
7818,4
7818,16
7819,0
7820,0
7821,18
7822,10
7822,20
7822,12
7823,19
7824,3
7824,0
7825,21
7826,3
7826,8
7827,0
7827,4
7827,9
7828,19
7828,15
7829,20
7829,12
7830,5
7830,6
7830,0
7831,19
7832,19
7833,4
7833,14
7834,3
7834,0
7834,8
7835,21
7836,0
7836,14
7837,12
7838,0
7838,9
7839,3
7839,0
7840,3
7841,4
7841,13
7842,3
7842,4
7842,16
7843,14
7843,13
7844,3
7844,0
7844,11
7845,0
7846,19
7847,0
7847,17
7848,10
7849,20
7849,0
7850,20
7850,3
7851,0
7852,14
7853,20
7853,0
7854,3
7854,4
7854,14
7855,19
7856,2
7856,16
7856,14
7857,0
7857,9
7857,14
7858,2
7858,7
7858,9
7859,0
7859,11
7860,4
7861,3
7861,0
7862,19
7862,20
7863,0
7863,4
7863,14
7864,0
7864,14
7865,3
7866,3
7867,19
7868,0
7869,10
7869,8
7870,19
7871,3
7872,3
7872,6
7872,16
7873,10
7874,8
7875,20
7875,6
7876,3
7876,0
7877,3
7877,0
7878,0
7879,3
7879,8
7880,0
7881,4
7881,16
7882,19
7883,20
7883,0
7884,19
7885,20
7885,7
7885,14
7886,16
7887,19
7887,12
7888,19
7889,20
7890,19
7891,2
7891,3
7892,0
7892,4
7892,16
7893,3
7894,20
7894,16
7895,4
7896,10
7896,1
7896,7
7897,6
7897,0
7897,16
7898,20
7899,3
7900,3
7900,11
7901,19
7901,5
7901,15
7902,0
7902,7
7902,16
7903,20
7903,16
7904,3
7904,6
7904,0
7905,3
7906,19
7907,0
7907,16
7907,14
7908,19
7909,0
7909,4
7910,2
7910,4
7911,3
7912,10
7912,20
7912,1
7913,3
7914,0
7914,15
7914,9
7916,2
7916,1
7917,19
7917,2
7917,3
7918,6
7918,0
7918,16
7919,14
7920,2
7920,1
7920,9
7921,3
7921,12
7921,11
7922,2
7922,14
7923,0
7923,15
7923,11
7924,2
7924,14
7925,2
7925,1
7925,8
7926,12
7927,8
7928,20
7928,0
7929,5
7930,0
7930,14
